point_id,radar_y,radar_x,velocity_mm_yr,dem_error_m,constant_phase_rad,gamma,rmse_rad,gamma_initial,rmse_initial_rad,amplitude_dispersion_index,mean_amplitude,valid_pair_count,latitude,longitude
25,1433.5,22119.5,-62.0,36.0,-1.1893185,0.9934322,0.114803776,0.556536,1.1162674,0.12596866,0.00017885656,32,-20.065402106717748,-44.177981326163845
36,1492.5,21495.5,-62.0,40.0,-0.7392201,0.9895274,0.14510763,0.53165346,1.1171554,0.16019304,0.00016061729,32,-20.077080360618694,-44.161892364687866
49,1405.5,21491.5,-60.0,36.0,-0.9553343,0.9677011,0.25603223,0.47704878,1.223332,0.16889001,0.00021117146,32,-20.066320621069508,-44.158288437317246
51,1544.5,21280.5,-60.0,40.0,-0.86110264,0.99133533,0.13187632,0.49665752,1.1661218,0.15246536,0.00031897012,32,-20.08482212444067,-44.1575161671664
55,1496.5,21295.5,-58.0,40.0,-1.1940973,0.99169916,0.12906517,0.49987507,1.15746,0.17269787,0.00030624378,32,-20.07904860565818,-44.155971626864705
58,1402.5,21522.5,-64.0,40.0,-0.854067,0.9866735,0.1637098,0.5065237,1.177186,0.16357863,0.00016910466,32,-20.06592697206161,-44.1591894191599
60,1406.5,21490.5,-60.0,32.0,-0.75510967,0.9606683,0.28429142,0.4718489,1.190794,0.16295098,0.00027915908,32,-20.066714270077405,-44.158417149009054
70,1452.5,21341.5,-58.0,40.0,-0.6614617,0.98207843,0.1903084,0.5288061,1.1280574,0.16551217,0.00015617402,32,-20.073143870539724,-44.15558549178928
72,1492.5,21499.5,-60.0,40.0,-0.5920441,0.98664135,0.16406055,0.5172327,1.1657145,0.17289028,0.00018321899,32,-20.076817927946763,-44.161892364687866
77,1451.5,21342.5,-60.0,40.0,-0.64307415,0.9936751,0.11267752,0.50692964,1.1544377,0.17115304,0.0002308823,32,-20.073143870539724,-44.15558549178928
78,1492.5,21490.5,-62.0,40.0,-0.8847223,0.98854494,0.15176974,0.5118441,1.1503305,0.17172363,0.0001721688,32,-20.077080360618694,-44.16176365299606
79,1434.5,22119.5,-62.0,36.0,-1.1705222,0.9964764,0.08401511,0.5251304,1.1887012,0.16623512,0.00018862613,32,-20.065533323053714,-44.177981326163845
86,1448.5,21398.5,-60.0,36.0,-1.3403367,0.99061596,0.13728343,0.5287036,1.1403354,0.15821503,0.00026863083,32,-20.07235657252393,-44.157130032090976
87,1528.5,21180.5,-62.0,40.0,-1.0782862,0.9950991,0.0991742,0.5010594,1.1852432,0.17583664,0.00029401673,32,-20.08364117741698,-44.153654816412164
92,1528.5,21179.5,-62.0,40.0,-0.90332365,0.99385124,0.11107637,0.49031687,1.1872602,0.1650057,0.00031562397,32,-20.08364117741698,-44.153654816412164
101,1449.5,21398.5,-60.0,36.0,-1.3450022,0.98830754,0.15364271,0.5088434,1.1563727,0.16259168,0.0002030594,32,-20.07235657252393,-44.157130032090976
102,1544.5,21279.5,-60.0,36.0,-0.8457722,0.9933006,0.11592739,0.49333197,1.1662636,0.16052273,0.0002825142,32,-20.08482212444067,-44.1575161671664
106,1405.5,21490.5,-60.0,40.0,-0.881573,0.96672195,0.260466,0.47575873,1.2085038,0.17711703,0.00022746764,32,-20.066320621069508,-44.158288437317246
107,1538.5,21046.5,-62.0,32.0,-1.140672,0.9972439,0.07430704,0.5015593,1.2020931,0.17113066,0.00025208955,32,-20.085871855128396,-44.150050889041545
108,1512.5,19168.5,-26.0,-4.0,1.2266295,0.9112881,0.43588206,0.4476484,1.1878523,0.17609175,0.00035253962,32,-20.095581863989857,-44.095348420023214
109,1416.5,21469.5,-60.0,40.0,-0.66835266,0.92887574,0.38277623,0.46513954,1.2518245,0.18616179,0.00031713524,32,-20.068026433437062,-44.15815972562544
111,1451.5,21341.5,-58.0,40.0,-0.57258654,0.9956475,0.093374655,0.5022633,1.1689243,0.16038811,0.00014709214,32,-20.073143870539724,-44.15558549178928
116,1496.5,21296.5,-60.0,40.0,-1.1135488,0.98307085,0.18469657,0.49546644,1.1674052,0.19299243,0.00018906631,32,-20.07904860565818,-44.155971626864705
120,1438.5,21321.5,-60.0,40.0,-0.6485382,0.98103976,0.19561706,0.49714553,1.2008913,0.18038051,0.0002138021,32,-20.0717004908441,-44.15442708656301
122,1433.5,22120.5,-62.0,36.0,-1.1426471,0.9920553,0.12631515,0.5294342,1.1983408,0.16516092,0.00013893403,32,-20.065402106717748,-44.177981326163845
124,1464.5,21754.5,-58.0,40.0,-0.64786446,0.9844347,0.17712511,0.49304536,1.2353821,0.16961817,0.00019569618,32,-20.071831707180067,-44.16768439081922
125,1565.5,19123.5,-30.0,-28.0,-2.9458895,0.9221537,0.4055343,0.46127424,1.2247374,0.18537693,0.00026284982,32,-20.103192411475867,-44.09316032126248
135,1545.5,21280.5,-60.0,40.0,-0.786487,0.9926844,0.12122337,0.49760127,1.1549345,0.17335667,0.00032299763,32,-20.08482212444067,-44.1575161671664
166,1462.5,21556.5,-60.0,40.0,-0.9016169,0.9948693,0.10141454,0.5074645,1.2209468,0.17611928,0.0002781563,32,-20.073012654203758,-44.16227849976329
169,1402.5,21520.5,-62.0,36.0,-0.62456316,0.96458185,0.26856968,0.49818575,1.1829157,0.1896261,7.7959645e-05,32,-20.06592697206161,-44.15906070746809
183,1494.5,21494.5,-60.0,40.0,-1.0646707,0.98572654,0.16954353,0.52156216,1.1177391,0.20472775,0.00016644613,32,-20.07721157695466,-44.161892364687866
184,1519.5,21047.5,-62.0,24.0,-1.4411771,0.92275953,0.39962417,0.4304929,1.2541069,0.18632154,0.00019650752,32,-20.083509961081013,-44.14914990719889
192,1451.5,21344.5,-58.0,36.0,-0.805019,0.96856844,0.2538515,0.4804122,1.2218826,0.20102504,0.00022607588,32,-20.073143870539724,-44.15558549178928
208,1519.5,19181.5,-16.0,-28.0,1.0877246,0.8838611,0.4968438,0.44510302,1.2725781,0.19951294,0.00028506762,32,-20.096631594677582,-44.09547713171502
209,1578.5,19179.5,-30.0,-32.0,-2.974464,0.99192834,0.12720996,0.52759224,1.1038474,0.20155519,0.00028709535,32,-20.104242142163592,-44.09573455509864
211,1527.5,21007.5,-62.0,36.0,-1.0689526,0.97233886,0.23678724,0.48143598,1.1879271,0.1985304,0.00017741922,32,-20.08482212444067,-44.148248925356235
227,1524.5,21119.5,-62.0,40.0,-1.0154637,0.9442581,0.34013498,0.4769284,1.2144927,0.17343715,0.00015305412,32,-20.083772393752945,-44.15172414103505
230,1495.5,21295.5,-58.0,40.0,-1.0946919,0.99377,0.11183355,0.51774967,1.1371045,0.20406978,0.00019458176,32,-20.078654956650283,-44.1558429151729
234,1509.5,19157.5,-30.0,-20.0,1.001435,0.933926,0.3708147,0.46253374,1.1834711,0.21000704,0.00035274707,32,-20.095319431317925,-44.09496228494779
235,1479.5,21715.5,-60.0,40.0,-0.82303333,0.94888365,0.32600248,0.4817549,1.2368636,0.19429739,0.00019437468,32,-20.073931168555518,-44.167298255743795
250,1442.5,21362.5,-58.0,36.0,-0.7615311,0.9687802,0.25208294,0.5310266,1.1274483,0.20764968,0.00012654542,32,-20.071831707180067,-44.1558429151729
262,1452.5,21342.5,-60.0,40.0,-0.71625984,0.9888833,0.14947388,0.52322173,1.1239879,0.214402,0.00019721958,32,-20.073143870539724,-44.15558549178928
279,1529.5,21180.5,-62.0,40.0,-1.1970136,0.9593733,0.28800502,0.4985763,1.1501025,0.1987492,0.00014123438,32,-20.08390361008891,-44.15378352810397
292,1488.5,19116.5,-62.0,-40.0,1.5885825,0.94386774,0.3385104,0.46121392,1.2033653,0.2108965,0.00015072811,32,-20.09308875360651,-44.09277418618706
294,1538.5,21047.5,-62.0,40.0,-0.7957879,0.99573416,0.09243322,0.5064224,1.192133,0.20145847,0.00022659368,32,-20.085871855128396,-44.150050889041545
297,1453.5,21194.5,-62.0,40.0,-1.3247905,0.91531914,0.42315394,0.4297622,1.2737541,0.18903947,0.000473964,32,-20.07445603389938,-44.1509518708842
298,1576.5,19179.5,-32.0,-32.0,-2.9793055,0.9713802,0.24072301,0.4746189,1.1825845,0.20770803,0.00019924583,32,-20.104110925827626,-44.09573455509864
302,1453.5,21193.5,-64.0,40.0,-1.4182757,0.9010573,0.46399283,0.43080992,1.2822614,0.19030711,0.00030566705,32,-20.07445603389938,-44.1509518708842
307,1452.5,21344.5,-60.0,36.0,-0.78297096,0.94426954,0.33953795,0.45585144,1.2720046,0.21462357,0.0001921205,32,-20.073143870539724,-44.15558549178928
322,1404.5,21599.5,-58.0,32.0,-1.0972258,0.9559043,0.30019727,0.45464945,1.2529057,0.20587029,0.00021429466,32,-20.065533323053714,-44.16150622961244
326,1406.5,21491.5,-60.0,28.0,-0.92808646,0.92922074,0.38275728,0.4532038,1.2498122,0.21405818,0.00021434038,32,-20.066714270077405,-44.158417149009054
334,1527.5,21008.5,-64.0,36.0,-1.4254965,0.9591197,0.28854805,0.48393053,1.2369645,0.20624818,0.00011566065,32,-20.08482212444067,-44.148248925356235
341,1496.5,19124.5,-30.0,0.0,1.798323,0.9271192,0.38806647,0.4505817,1.2389922,0.20293237,0.00020528595,32,-20.094138484294234,-44.093417744646096
342,1577.5,19180.5,-28.0,-32.0,-2.2519917,0.967172,0.2586741,0.47880304,1.1866803,0.21095438,0.00017666417,32,-20.104110925827626,-44.09573455509864
343,1503.5,19150.5,-30.0,-12.0,1.3522811,0.9320163,0.37439924,0.43349117,1.2139511,0.20520887,0.00024680147,32,-20.094663349638097,-44.094704861564175
350,1436.5,21338.5,-60.0,32.0,-1.3199723,0.9771433,0.21485306,0.49624068,1.173543,0.2082436,0.000101412086,32,-20.07143805817217,-44.15494193333024
351,1527.5,21179.5,-62.0,40.0,-0.8978289,0.99176425,0.12863493,0.5016725,1.1839914,0.1975397,0.00024892512,32,-20.083509961081013,-44.153654816412164
354,1559.5,19176.5,-34.0,-40.0,2.996298,0.85031635,0.56276417,0.4404838,1.2829498,0.19688289,0.0001462547,32,-20.10188024811621,-44.095219708331406
355,1483.5,21021.5,-62.0,40.0,-1.4813702,0.9097379,0.4362786,0.4555986,1.219738,0.20008743,0.0001692326,32,-20.079442254666077,-44.14721923182177
358,1491.5,21499.5,-60.0,40.0,-0.5703274,0.97885114,0.2066355,0.51148266,1.1907952,0.2046915,0.00012147129,32,-20.076817927946763,-44.161892364687866
365,1513.5,19159.5,-16.0,-16.0,1.1569562,0.87048537,0.5251366,0.3764757,1.2992722,0.2145026,0.00022786683,32,-20.095975512997754,-44.09483357325598
371,1404.5,21600.5,-58.0,36.0,-1.0221775,0.96249855,0.27732918,0.4493261,1.2821273,0.21806788,0.00021408769,32,-20.065533323053714,-44.16150622961244
372,1448.5,21381.5,-60.0,40.0,-1.3635831,0.98747224,0.15874347,0.54521346,1.1303167,0.22571152,0.00016332245,32,-20.07235657252393,-44.156615185323744
376,1434.5,22118.5,-64.0,40.0,-0.9053204,0.98931545,0.14667082,0.5114379,1.2402027,0.2060611,0.0001226925,32,-20.065533323053714,-44.177981326163845
428,1539.5,19169.5,-34.0,-20.0,2.4314182,0.8599175,0.5520587,0.41325366,1.3056604,0.21099286,0.00021701,32,-20.099255921396896,-44.095348420023214
445,1530.5,21065.5,-62.0,40.0,-0.8477194,0.9537714,0.31028697,0.44911715,1.2765936,0.19998807,0.00011961138,32,-20.084690908104704,-44.15030831242516
451,1488.5,19201.5,-50.0,-32.0,1.8117615,0.89500684,0.4699368,0.38163674,1.2966173,0.21193483,0.000103801125,32,-20.09269510459861,-44.095348420023214
452,1414.5,21617.5,-60.0,36.0,-0.7835703,0.99999905,0.0013166264,0.5263234,1.1483057,0.18705474,0.00012239197,32,-20.06658305374144,-44.1624072114551
454,1493.5,21496.5,-60.0,40.0,-0.8727501,0.98762494,0.15781839,0.5431926,1.104431,0.21329112,0.000108521395,32,-20.07721157695466,-44.161892364687866
462,1520.5,21047.5,-62.0,36.0,-1.6184798,0.9009371,0.45448023,0.38411948,1.3348244,0.21690197,0.00015435196,32,-20.083772393752945,-44.1492786188907
468,1463.5,21754.5,-58.0,40.0,-0.72952765,0.99912137,0.041926306,0.5035371,1.2137727,0.1979922,0.00025140448,32,-20.071831707180067,-44.16768439081922
469,1447.5,21381.5,-62.0,40.0,-1.2630649,0.9884701,0.15216252,0.5173555,1.1785324,0.21888806,0.00014295946,32,-20.07235657252393,-44.156615185323744
475,1413.5,21588.5,-60.0,40.0,-0.70900685,0.9333956,0.37320685,0.44642857,1.292819,0.20200405,0.00019318266,32,-20.06684548641337,-44.16150622961244
480,1579.5,19179.5,-30.0,-28.0,-2.6142783,0.97603565,0.21994607,0.50720733,1.1126227,0.22386426,0.00023246644,32,-20.104373358499558,-44.09573455509864
489,1543.5,21161.5,-60.0,36.0,-0.8792653,0.98614484,0.16707681,0.51640767,1.1723201,0.22113495,0.00015665224,32,-20.0854782061205,-44.15378352810397
498,1498.5,21495.5,-60.0,40.0,-1.2359532,0.9739393,0.22963941,0.499334,1.1519823,0.22176117,0.00018630472,32,-20.077605225962557,-44.16202107637967
515,1434.5,22120.5,-62.0,40.0,-1.155593,0.99098617,0.13457483,0.503518,1.2176054,0.22828959,0.00014239682,32,-20.065533323053714,-44.177981326163845
517,1445.5,21544.5,-58.0,40.0,-0.880092,0.9873319,0.16011351,0.5208064,1.1705619,0.20574138,0.000113239825,32,-20.071044409164273,-44.161377517920634
518,1497.5,21495.5,-60.0,36.0,-1.4037197,0.9819957,0.19045453,0.51149887,1.1506057,0.2204059,0.00024409748,32,-20.077605225962557,-44.16202107637967
520,1545.5,21030.5,-60.0,32.0,-1.4351246,0.9329311,0.37142602,0.42887276,1.3489453,0.22161011,0.00016959709,32,-20.08692158581612,-44.14992217734974
533,1492.5,19131.5,-54.0,-36.0,1.3598804,0.92416435,0.39691073,0.45568395,1.2024809,0.22529994,0.00012681105,32,-20.09361361895037,-44.093546456337904
538,1494.5,21253.5,-60.0,40.0,-0.021638995,0.9603823,0.28433818,0.5365753,1.082714,0.2098461,7.573011e-05,32,-20.07904860565818,-44.15468450994663
547,1452.5,21194.5,-62.0,40.0,-1.1870877,0.90768754,0.43956012,0.4103184,1.2931021,0.21304497,0.00048326713,32,-20.074324817563415,-44.1509518708842
551,1494.5,19155.5,-60.0,-40.0,1.6945103,0.9269395,0.38688326,0.44026893,1.1990443,0.22368047,8.363042e-05,32,-20.09361361895037,-44.09431872648875
573,1582.5,19213.5,-26.0,-40.0,-2.8807619,0.981993,0.19041304,0.5239031,1.134338,0.21994461,0.00020242653,32,-20.104373358499558,-44.097150383708524
591,1583.5,19190.5,-28.0,-28.0,-3.092794,0.88030064,0.50150853,0.47498426,1.2647886,0.24380408,0.00016093155,32,-20.104767007507455,-44.09637811355768
595,1488.5,19115.5,-60.0,-36.0,1.9978651,0.9506957,0.31798822,0.46902725,1.2096643,0.22435091,0.00015162292,32,-20.09308875360651,-44.09277418618706
597,1496.5,19166.5,-56.0,-40.0,1.6082065,0.9236856,0.39662957,0.4269904,1.2363955,0.221461,0.00016114896,32,-20.09361361895037,-44.094704861564175
617,1512.5,19167.5,-28.0,-12.0,1.326956,0.91071886,0.43331236,0.44547072,1.201973,0.20454994,0.00030632524,32,-20.095581863989857,-44.095348420023214
621,1511.5,19167.5,-30.0,-16.0,1.3725809,0.919275,0.40785578,0.46167073,1.1756694,0.221529,0.00037647443,32,-20.095581863989857,-44.095348420023214
631,1537.5,21046.5,-62.0,32.0,-1.0195479,0.96217763,0.27867618,0.4911133,1.258974,0.2173203,0.00012443759,32,-20.08574063879243,-44.150050889041545
632,1407.5,21490.5,-62.0,32.0,-0.865381,0.9420799,0.3442246,0.44813883,1.2309767,0.21013477,0.0001555898,32,-20.066714270077405,-44.158417149009054
639,1483.5,21022.5,-62.0,40.0,-1.5116135,0.9141801,0.42269146,0.38879326,1.29555,0.23625557,0.00014431524,32,-20.079442254666077,-44.14721923182177
642,1492.5,19128.5,-50.0,-32.0,1.5953062,0.95720506,0.29472056,0.46101868,1.1953183,0.22483774,0.00017313514,32,-20.09361361895037,-44.093417744646096
659,1494.5,19117.5,-26.0,0.0,1.6553823,0.9202357,0.41621837,0.4238018,1.2815943,0.23191184,0.0004714754,32,-20.093876051622303,-44.09316032126248
666,1535.5,19195.5,-32.0,-20.0,2.206041,0.8369649,0.59542996,0.46403384,1.1947036,0.22777635,0.00024879372,32,-20.098599839717068,-44.09612069017406
674,1416.5,21468.5,-60.0,40.0,-0.70181346,0.9488301,0.32394177,0.45896307,1.2486024,0.21363357,0.00017669244,32,-20.068026433437062,-44.15803101393363
687,1513.5,19170.5,-26.0,-12.0,1.2933973,0.9264778,0.39259818,0.417652,1.2304267,0.2429174,0.0003334301,32,-20.095844296661788,-44.095348420023214
689,1562.5,19163.5,-40.0,-24.0,-2.7516148,0.8999888,0.45509607,0.46763992,1.2582577,0.22149613,0.00017279296,32,-20.102273897124107,-44.094704861564175
699,1487.5,19114.5,-60.0,-36.0,1.7918854,0.8248223,0.62379014,0.35988715,1.355048,0.22112992,0.00010524349,32,-20.092957537270543,-44.09277418618706
704,1463.5,21556.5,-60.0,40.0,-0.88680446,0.9730441,0.23360339,0.49505782,1.2220825,0.21389751,0.00015998124,32,-20.073012654203758,-44.16227849976329
738,1446.5,21544.5,-58.0,40.0,-0.97786313,0.9537537,0.30705687,0.46456742,1.2021791,0.21450779,8.5356805e-05,32,-20.071044409164273,-44.161377517920634
743,1567.5,19172.5,-34.0,-32.0,-2.770319,0.963839,0.27309382,0.46462232,1.1717582,0.2487394,0.00023321668,32,-20.102929978803935,-44.095219708331406
748,1478.5,21715.5,-60.0,40.0,-0.7017774,0.9394868,0.35379896,0.4812288,1.2246518,0.2385987,0.00016835134,32,-20.073799952219552,-44.167298255743795
749,1393.5,21550.5,-60.0,36.0,-1.1956413,0.9923783,0.1236501,0.53758603,1.104861,0.23288263,0.00010213836,32,-20.064614808701954,-44.15970426592713
753,1502.5,19146.5,-30.0,4.0,1.8955357,0.93633944,0.3616963,0.46416453,1.1998523,0.24223724,0.0002814164,32,-20.09453213330213,-44.09444743818056
772,1499.5,19127.5,-26.0,12.0,1.7734417,0.9233013,0.3976936,0.48072103,1.1686693,0.23818585,0.00025641994,32,-20.094400916966165,-44.093546456337904
778,1526.5,21007.5,-64.0,40.0,-1.1246109,0.993268,0.11620175,0.525702,1.1507576,0.217038,0.000119338845,32,-20.084690908104704,-44.148248925356235
781,1487.5,19115.5,-64.0,-40.0,1.6591699,0.9240293,0.3957767,0.44315082,1.1932906,0.23231132,0.00016137642,32,-20.092957537270543,-44.09277418618706
785,1478.5,21336.5,-58.0,32.0,-1.1831981,0.947436,0.32984012,0.49851537,1.1349251,0.24211547,8.705073e-05,32,-20.07655549527483,-44.15648647363194
795,1584.5,19221.5,-30.0,-40.0,-3.125837,0.8850024,0.53440773,0.4433767,1.2759767,0.22723202,0.0001532011,32,-20.10463579117149,-44.09740780709214
800,1481.5,21715.5,-60.0,40.0,-0.47984254,0.99912155,0.04192622,0.50038314,1.1914209,0.23580386,0.00012518003,32,-20.074324817563415,-44.1674269674356
809,1491.5,21490.5,-60.0,40.0,-0.5302432,0.9765173,0.21793333,0.48575768,1.1745634,0.2365612,0.00012580244,32,-20.076817927946763,-44.16163494130425
810,1401.5,21522.5,-64.0,40.0,-0.4641025,0.9807913,0.19675484,0.4931984,1.2060565,0.22297284,0.00012886837,32,-20.06566453938968,-44.15906070746809
812,1582.5,19187.5,-32.0,-28.0,3.1411452,0.9810543,0.19555587,0.5431636,1.1099436,0.24058457,0.00018460231,32,-20.10463579117149,-44.09612069017406
815,1491.5,19116.5,-34.0,-32.0,1.6862489,0.9477484,0.3269546,0.4639225,1.2004163,0.24155085,0.00027799365,32,-20.09361361895037,-44.092902897878865
817,1513.5,21182.5,-60.0,40.0,-0.7484385,0.97455287,0.22695863,0.48749062,1.1891918,0.23753211,0.00013418394,32,-20.081935365049425,-44.15326868133674
819,1427.5,21324.5,-58.0,40.0,-0.565291,0.96879125,0.251771,0.5041665,1.2176324,0.22422275,0.00012923428,32,-20.07025711114848,-44.15391223979578
826,1549.5,19184.5,-40.0,-32.0,2.210796,0.85571986,0.5583373,0.48099643,1.1642038,0.24542302,0.00029766848,32,-20.100436868420587,-44.09573455509864
839,1499.5,21230.5,-60.0,40.0,-1.093807,0.9838538,0.18029623,0.49878815,1.130165,0.23935002,0.00027133914,32,-20.079835903673974,-44.154169663179395
842,1492.5,21496.5,-62.0,36.0,-1.0378343,0.98912096,0.14776096,0.53046113,1.1150821,0.22787876,9.263296e-05,32,-20.077080360618694,-44.161892364687866
843,1538.5,19228.5,-42.0,-16.0,2.5996866,0.8399253,0.5894708,0.4489147,1.2046281,0.22958055,0.00012341807,32,-20.098731056053033,-44.097150383708524
849,1539.5,19220.5,-40.0,-16.0,3.0531375,0.8082655,0.64302075,0.3865662,1.316683,0.23864205,0.00013250821,32,-20.098862272389,-44.09689296032491
878,1498.5,21271.5,-60.0,40.0,-0.9439341,0.98164153,0.19241036,0.50281405,1.1554395,0.24028865,0.00024076854,32,-20.079442254666077,-44.155328068405666
879,1524.5,21120.5,-62.0,40.0,-0.8870819,0.94224805,0.34635422,0.47005823,1.2152352,0.23466736,0.00017846754,32,-20.083772393752945,-44.15172414103505
881,1538.5,19231.5,-40.0,-16.0,2.5140772,0.8462761,0.57560474,0.48631805,1.1639234,0.22890337,7.089602e-05,32,-20.098731056053033,-44.09727909540033
902,1463.5,19111.5,-54.0,-32.0,1.851952,0.9236139,0.3990633,0.4296697,1.2585865,0.23943725,0.00012808619,32,-20.090201994215263,-44.09135835757717
917,1474.5,19094.5,-66.0,-28.0,1.5190643,0.8399489,0.58606946,0.3593432,1.315527,0.23359168,6.524553e-05,32,-20.091645373910886,-44.091744492652595
922,1523.5,19192.5,-32.0,-16.0,1.986766,0.8334973,0.6023138,0.4490721,1.2366017,0.22462654,0.00019463511,32,-20.09702524368548,-44.095863266790445
953,1539.5,19227.5,-42.0,-12.0,2.8248644,0.81594616,0.6319421,0.43559134,1.2498281,0.22483456,0.00016212075,32,-20.098862272389,-44.097150383708524
988,1402.5,21521.5,-64.0,36.0,-0.49714974,0.9466307,0.33186823,0.46503484,1.2347527,0.23593827,9.492854e-05,32,-20.06592697206161,-44.1591894191599
991,1545.5,21279.5,-60.0,40.0,-0.6759823,0.9994936,0.03182455,0.5027816,1.147484,0.23950803,0.00027012592,32,-20.08482212444067,-44.1575161671664
1001,1492.5,21497.5,-64.0,32.0,-1.5896491,0.96615434,0.26191953,0.50016516,1.1684014,0.23441048,8.023096e-05,32,-20.076817927946763,-44.161892364687866
1002,1504.5,19148.5,-34.0,-32.0,1.2311689,1.0,0.00039513933,0.5228927,1.110514,0.22878867,0.00025367626,32,-20.09492578231003,-44.09444743818056
1010,1527.5,21180.5,-62.0,40.0,-1.0673506,0.99335134,0.11545927,0.4891825,1.1989082,0.23778822,0.00019389139,32,-20.083509961081013,-44.153654816412164
1020,1458.5,21588.5,-60.0,40.0,-0.98772335,0.91512394,0.41756633,0.47934744,1.2021703,0.24028625,0.0001782693,32,-20.072094139852,-44.16292205822233
1034,1495.5,21500.5,-60.0,40.0,-1.0371727,0.981273,0.1944176,0.503478,1.1601524,0.24814238,0.00010865971,32,-20.07721157695466,-44.16202107637967
1040,1495.5,21494.5,-60.0,40.0,-0.941071,0.96591824,0.26365894,0.5197271,1.1303673,0.2468073,0.00010343269,32,-20.07721157695466,-44.161892364687866
1050,1562.5,19158.5,-38.0,-36.0,2.917676,0.93953866,0.35215226,0.46759936,1.2244153,0.24512702,0.00030498733,32,-20.102405113460073,-44.09457614987237
1070,1544.5,21278.5,-60.0,36.0,-0.8565843,0.96219236,0.28010356,0.47109288,1.2024479,0.23884472,0.00017387042,32,-20.08482212444067,-44.1575161671664
1072,1475.5,19093.5,-64.0,-36.0,1.3491008,0.91248626,0.42968604,0.4091091,1.2626865,0.23979232,7.8801335e-05,32,-20.091645373910886,-44.091744492652595
1076,1401.5,21511.5,-60.0,40.0,-1.1572258,0.93656856,0.36525702,0.45427796,1.2480091,0.23667216,7.3392395e-05,32,-20.06592697206161,-44.15880328408448
1079,1426.5,21324.5,-60.0,40.0,-1.1024591,0.9695847,0.24850449,0.5265913,1.158568,0.24799877,9.992429e-05,32,-20.07025711114848,-44.15391223979578
1091,1547.5,21304.5,-58.0,36.0,-1.2686906,0.8887288,0.4815745,0.44863352,1.2820591,0.24550791,0.00012143039,32,-20.0850845571126,-44.158417149009054
1092,1452.5,21193.5,-64.0,40.0,-1.2333491,0.87775964,0.53542435,0.40692848,1.3017265,0.2352003,0.00030330935,32,-20.074324817563415,-44.1509518708842
1099,1492.5,19130.5,-52.0,-36.0,1.3700316,0.8961929,0.46807668,0.42347446,1.2402163,0.23183072,0.00010412827,32,-20.09361361895037,-44.093546456337904
1102,1457.5,21588.5,-60.0,40.0,-0.91876096,0.91454065,0.42063314,0.4449015,1.2404866,0.23443252,0.00013330363,32,-20.072094139852,-44.16292205822233
1108,1479.5,21036.5,-60.0,40.0,-1.409153,0.99970615,0.02424301,0.51641834,1.1123177,0.23583807,8.263391e-05,32,-20.07878617298625,-44.14734794351358
1117,1463.5,21755.5,-58.0,36.0,-0.56403244,0.981466,0.19336696,0.47379807,1.2138227,0.22862582,0.0001814576,32,-20.071831707180067,-44.16768439081922
1127,1487.5,19112.5,-62.0,-40.0,1.8667525,0.8971481,0.47378388,0.42399493,1.2634908,0.23896502,0.00011133063,32,-20.09308875360651,-44.09264547449525
1146,1427.5,21534.5,-56.0,40.0,-1.0881671,0.9864666,0.1649596,0.51408637,1.2234347,0.24976282,0.00036398857,32,-20.068813731452856,-44.16034782438617
1153,1539.5,21046.5,-62.0,36.0,-1.1706887,0.99220043,0.1250837,0.50743556,1.1708668,0.2397805,0.00020716414,32,-20.085871855128396,-44.150050889041545
1155,1559.5,19159.5,-34.0,-40.0,2.6222658,0.92435986,0.39511356,0.49736667,1.1899273,0.23405898,0.00023943702,32,-20.102011464452175,-44.09444743818056
1159,1497.5,19125.5,-28.0,0.0,1.6394793,0.9480586,0.3266401,0.45417884,1.2121117,0.24105251,0.00034425358,32,-20.09400726795827,-44.093546456337904
1163,1588.5,19223.5,-28.0,-40.0,-2.945689,0.9311042,0.37839893,0.39690837,1.2798169,0.24166062,0.0001920892,32,-20.105029440179386,-44.097665230475755
1174,1560.5,19176.5,-36.0,-40.0,2.954911,0.9113488,0.42841828,0.4495715,1.218904,0.24216647,0.00012990848,32,-20.102011464452175,-44.095219708331406
1181,1486.5,19083.5,-28.0,-8.0,2.0925488,0.8859077,0.49635297,0.41307685,1.2681628,0.23633368,0.00021885987,32,-20.093219969942474,-44.09161578096079
1189,1538.5,19227.5,-42.0,-16.0,2.6526544,0.8359385,0.6007249,0.46230558,1.1919761,0.24258535,0.00012660914,32,-20.098731056053033,-44.097150383708524
1191,1513.5,19168.5,-28.0,-12.0,1.2717166,0.8651284,0.5359111,0.45500827,1.2100265,0.24847127,0.00020080352,32,-20.095844296661788,-44.095219708331406
1197,1486.5,21513.5,-60.0,40.0,-1.0680778,0.9665673,0.26143262,0.622835,1.037973,0.24416661,0.00011817686,32,-20.076161846266935,-44.16214978807148
1204,1498.5,19125.5,-26.0,0.0,2.0617695,0.93913746,0.35383812,0.46650416,1.1942949,0.24792047,0.0003644777,32,-20.094400916966165,-44.093546456337904
1217,1476.5,21525.5,-58.0,40.0,-0.96165204,0.9690986,0.2505538,0.5575275,1.143264,0.24575986,9.5118936e-05,32,-20.074718466571312,-44.16202107637967
1231,1546.5,21030.5,-60.0,32.0,-1.7567762,0.9371452,0.3654364,0.41460183,1.3250946,0.24572617,0.00011899009,32,-20.08692158581612,-44.14992217734974
1247,1503.5,19149.5,-30.0,-12.0,1.1810772,0.9238721,0.39515322,0.47505388,1.1585926,0.2348293,0.00022071703,32,-20.094663349638097,-44.094704861564175
1251,1488.5,19106.5,-48.0,-36.0,1.3224912,0.89386845,0.4703759,0.3719945,1.3187704,0.24224225,0.00015514281,32,-20.093219969942474,-44.09251676280344
1256,1493.5,19175.5,-52.0,-40.0,1.0854418,0.86129993,0.54238904,0.4012539,1.2665408,0.24783906,0.0001059604,32,-20.093219969942474,-44.09483357325598
1259,1461.5,21556.5,-60.0,40.0,-1.0360649,0.9829678,0.18534474,0.47745135,1.2528574,0.24443871,0.00014352797,32,-20.072881437867792,-44.16227849976329
1260,1435.5,21338.5,-60.0,32.0,-1.0971874,0.9734008,0.23258153,0.48421162,1.1905453,0.23211527,0.00010914595,32,-20.071044409164273,-44.154813221638435
1289,1499.5,21229.5,-60.0,40.0,-0.93131316,0.9900696,0.14119089,0.509096,1.1101472,0.24933314,0.00012980548,32,-20.079835903673974,-44.154169663179395
1290,1509.5,19163.5,-28.0,-4.0,1.7446374,0.9366193,0.3611681,0.48340282,1.1410475,0.23686811,0.0001664893,32,-20.095319431317925,-44.095219708331406
1291,1495.5,19166.5,-54.0,-40.0,1.6712352,0.8996914,0.4565308,0.41000742,1.2714111,0.2475767,0.00012423437,32,-20.09361361895037,-44.094704861564175
1292,1490.5,19120.5,-52.0,-36.0,1.5146874,0.9403788,0.35013777,0.45912945,1.2067512,0.23605238,0.00015071555,32,-20.09335118627844,-44.09303160957067
1305,1539.5,19226.5,-42.0,-8.0,3.133867,0.83434314,0.59625983,0.43044132,1.235904,0.23497155,0.00011737869,32,-20.098862272389,-44.097150383708524
1313,1454.5,21348.5,-60.0,40.0,-0.7639085,0.9211648,0.4038228,0.43351462,1.293751,0.23622842,0.00013031399,32,-20.073406303211655,-44.1558429151729
1329,1453.5,21195.5,-62.0,40.0,-1.1840789,0.91050994,0.4318001,0.4104967,1.288733,0.2425376,0.00029912443,32,-20.07445603389938,-44.1509518708842
