point_id,longitude,latitude,velocity_mm_yr,dem_error_m,gamma,rmse_rad,amplitude_dispersion_index,mean_amplitude,valid_pair_count,2018-01-10,2018-01-22,2018-02-03,2018-02-15,2018-02-27,2018-03-11,2018-03-23,2018-04-04,2018-04-16,2018-04-28,2018-05-10,2018-05-22,2018-06-03,2018-06-15,2018-06-27,2018-07-09,2018-07-21,2018-08-02,2018-08-14,2018-08-26,2018-09-07,2018-09-19,2018-10-01,2018-10-13,2018-10-25,2018-11-06,2018-11-18,2018-11-30,2018-12-12,2018-12-24,2019-01-05,2019-01-17,2019-01-29
25,-44.177981326163845,-20.065402106717748,-62.0,36.0,0.9934322,0.114803776,0.12596866,0.00017885656,32,-0.0,-0.0,-0.0,-0.0,-0.0,-0.0,-0.0,-0.0,-0.0,-0.0,-0.0,-0.0,-0.0,-0.0,-0.0,-0.0,1.9601958e-15,9.736136,7.020939,5.6037793,6.9479294,8.29208,9.63623,10.980381,12.324532,13.668681,15.012832,15.278595,13.814085,10.023802,11.346453,8.2441025,4.8059535
36,-44.161892364687866,-20.07708036061869,-62.0,40.0,0.9895274,0.14510763,0.16019304,0.00016061729,32,-0.0,-0.0,-0.0,-0.0,-0.0,-0.0,-0.0,-0.0,-0.0,-0.0,-0.0,-0.0,-0.0,-0.0,-0.0,-0.0,-9.800979e-16,8.327201,6.970989,5.4625125,1.7197192,3.841386,5.963053,8.08472,10.206387,12.328053,14.44972,13.816593,12.486596,8.087709,9.644319,7.5313864,3.304564
49,-44.158288437317246,-20.066320621069508,-60.0,36.0,0.9677011,0.25603223,0.16889001,0.00021117146,32,-0.0,-0.0,-0.0,-0.0,-0.0,-0.0,-0.0,-0.0,-0.0,-0.0,-0.0,-0.0,-0.0,-0.0,-0.0,-0.0,-1.9601958e-15,9.310722,5.964027,5.8649874,7.1436687,8.42235,9.701031,10.9797125,12.258393,13.537074,14.815756,15.337991,13.861453,8.734296,13.447753,10.3924,5.681796
51,-44.1575161671664,-20.08482212444067,-60.0,40.0,0.99133533,0.13187632,0.15246536,0.00031897012,32,-0.0,-0.0,-0.0,-0.0,-0.0,-0.0,-0.0,-0.0,-0.0,-0.0,-0.0,-0.0,-0.0,-0.0,-0.0,-0.0,1.9601958e-15,8.994855,7.586993,5.9606113,2.4140174,4.3449664,6.275915,8.206864,10.137813,12.068762,13.99971,13.832788,15.2806015,10.201267,11.835377,8.755389,4.2103333
55,-44.15597162686471,-20.07904860565818,-58.0,40.0,0.99169916,0.12906517,0.17269787,0.00030624378,32,-0.0,-0.0,-0.0,-0.0,-0.0,-0.0,-0.0,-0.0,-0.0,-0.0,-0.0,-0.0,-0.0,-0.0,-0.0,-0.0,1.9601958e-15,11.051934,9.088892,7.3005295,8.4306135,9.5606985,10.690783,11.820867,12.950952,14.081036,15.21112,15.417078,16.286026,12.773713,13.784679,11.354375,6.4567447
58,-44.1591894191599,-20.06592697206161,-64.0,40.0,0.9866735,0.1637098,0.16357863,0.00016910466,32,-0.0,-0.0,-0.0,-0.0,-0.0,-0.0,-0.0,-0.0,-0.0,-0.0,-0.0,-0.0,-0.0,-0.0,-0.0,-0.0,-0.0,9.802799,8.3921,5.549932,6.6919584,7.833985,8.976011,10.118038,11.260064,12.402091,13.544117,12.39779,11.758411,6.5172386,8.271839,6.121999,6.121999
60,-44.158417149009054,-20.066714270077405,-60.0,32.0,0.9606683,0.28429142,0.16295098,0.00027915908,32,-0.0,-0.0,-0.0,-0.0,-0.0,-0.0,-0.0,-0.0,-0.0,-0.0,-0.0,-0.0,-0.0,-0.0,-0.0,-0.0,-0.0,9.716648,7.369285,4.5523143,5.866349,7.180384,8.494419,9.8084545,11.122489,12.436524,13.750559,14.388945,16.10416,9.614145,11.420525,11.172694,5.3154826
70,-44.15558549178928,-20.073143870539724,-58.0,40.0,0.98207843,0.1903084,0.16551217,0.00015617402,32,-0.0,-0.0,-0.0,-0.0,-0.0,-0.0,-0.0,-0.0,-0.0,-0.0,-0.0,-0.0,-0.0,-0.0,-0.0,-0.0,1.9601958e-15,8.428445,6.9906855,4.740716,6.0595846,7.3784533,8.697322,10.016191,11.335059,12.653928,13.972796,13.042327,14.579254,11.256592,10.831925,9.604167,3.4649527
72,-44.161892364687866,-20.076817927946763,-60.0,40.0,0.98664135,0.16406055,0.17289028,0.00018321899,32,-0.0,-0.0,-0.0,-0.0,-0.0,-0.0,-0.0,-0.0,-0.0,-0.0,-0.0,-0.0,-0.0,-0.0,-0.0,-0.0,-9.800979e-16,7.688155,6.2921586,3.5997658,4.9212227,6.2426796,7.5641365,8.885593,10.20705,11.528507,12.849964,12.861403,12.729123,8.166475,11.926751,8.047714,4.1933513
77,-44.15558549178928,-20.073143870539724,-60.0,40.0,0.9936751,0.11267752,0.17115304,0.0002308823,32,-0.0,-0.0,-0.0,-0.0,-0.0,-0.0,-0.0,-0.0,-0.0,-0.0,-0.0,-0.0,-0.0,-0.0,-0.0,-0.0,-0.0,7.027494,6.5208797,3.5210097,0.5640156,2.6745872,4.7851586,6.89573,9.006302,11.116874,13.227445,13.247166,12.847885,8.483804,10.453031,7.8792615,4.0274816
78,-44.16176365299606,-20.07708036061869,-62.0,40.0,0.98854494,0.15176974,0.17172363,0.0001721688,32,-0.0,-0.0,-0.0,-0.0,-0.0,-0.0,-0.0,-0.0,-0.0,-0.0,-0.0,-0.0,-0.0,-0.0,-0.0,-0.0,-0.0,9.18874,7.083959,4.7504907,6.198465,7.6464386,9.094413,10.542387,11.99036,13.438334,14.886309,14.498977,13.951269,8.306397,11.487535,7.976703,4.058038
79,-44.177981326163845,-20.065533323053717,-62.0,36.0,0.9964764,0.08401511,0.16623512,0.00018862613,32,-0.0,-0.0,-0.0,-0.0,-0.0,-0.0,-0.0,-0.0,-0.0,-0.0,-0.0,-0.0,-0.0,-0.0,-0.0,-0.0,-0.0,8.575767,8.386154,5.4746976,1.6770643,3.8503976,6.0237308,8.197064,10.370398,12.543731,14.717064,13.821304,13.476592,10.361308,10.820244,8.288698,4.155007
86,-44.157130032090976,-20.07235657252393,-60.0,36.0,0.99061596,0.13728343,0.15821503,0.00026863083,32,-0.0,-0.0,-0.0,-0.0,-0.0,-0.0,-0.0,-0.0,-0.0,-0.0,-0.0,-0.0,-0.0,-0.0,-0.0,-0.0,-0.0,8.9938345,8.85444,6.368301,2.6773703,4.4848533,6.2923365,8.099819,9.907303,11.714786,13.522269,15.329752,15.707293,12.995528,13.434378,10.070457,5.5788126
87,-44.15365481641216,-20.08364117741698,-62.0,40.0,0.9950991,0.0991742,0.17583664,0.00029401673,32,-0.0,-0.0,-0.0,-0.0,-0.0,-0.0,-0.0,-0.0,-0.0,-0.0,-0.0,-0.0,-0.0,-0.0,-0.0,-0.0,1.9601958e-15,10.018793,8.5773535,6.417549,7.4583573,8.499166,9.539973,10.580781,11.62159,12.662397,13.703206,13.265186,13.85582,9.768813,12.074627,9.989399,4.423359
92,-44.15365481641216,-20.08364117741698,-62.0,40.0,0.99385124,0.11107637,0.1650057,0.00031562397,32,-0.0,-0.0,-0.0,-0.0,-0.0,-0.0,-0.0,-0.0,-0.0,-0.0,-0.0,-0.0,-0.0,-0.0,-0.0,-0.0,-1.9601958e-15,9.450537,7.4127164,5.3253956,6.5232053,7.7210155,8.918826,10.116636,11.3144455,12.512256,13.710066,14.001321,13.854748,8.400291,10.602421,9.228561,4.133396
101,-44.157130032090976,-20.07235657252393,-60.0,36.0,0.98830754,0.15364271,0.16259168,0.0002030594,32,-0.0,-0.0,-0.0,-0.0,-0.0,-0.0,-0.0,-0.0,-0.0,-0.0,-0.0,-0.0,-0.0,-0.0,-0.0,-0.0,-0.0,9.883007,9.412735,5.981205,7.5158916,9.050578,10.585264,12.119951,13.654637,15.189324,16.72401,16.371338,15.69222,12.703278,13.165494,10.532384,6.2254753
102,-44.1575161671664,-20.08482212444067,-60.0,36.0,0.9933006,0.11592739,0.16052273,0.0002825142,32,-0.0,-0.0,-0.0,-0.0,-0.0,-0.0,-0.0,-0.0,-0.0,-0.0,-0.0,-0.0,-0.0,-0.0,-0.0,-0.0,-0.0,7.7804313,6.9077425,4.678258,1.558301,3.6091366,5.659972,7.710808,9.761643,11.812479,13.863315,12.427802,13.67323,10.040828,10.676109,8.58798,3.978999
106,-44.158288437317246,-20.066320621069508,-60.0,40.0,0.96672195,0.260466,0.17711703,0.00022746764,32,-0.0,-0.0,-0.0,-0.0,-0.0,-0.0,-0.0,-0.0,-0.0,-0.0,-0.0,-0.0,-0.0,-0.0,-0.0,-0.0,-1.9601958e-15,9.184998,6.7261114,5.3991256,6.6875215,7.9759173,9.264314,10.55271,11.841105,13.129501,14.417897,14.843105,15.56562,10.484062,13.203206,11.277913,5.5028334
107,-44.150050889041545,-20.0858718551284,-62.0,32.0,0.9972439,0.07430704,0.17113066,0.00025208955,32,-0.0,-0.0,-0.0,-0.0,-0.0,-0.0,-0.0,-0.0,-0.0,-0.0,-0.0,-0.0,-0.0,-0.0,-0.0,-0.0,3.9203916e-15,9.156704,7.070712,4.9451194,6.234622,7.5241246,8.813627,10.10313,11.3926325,12.682136,13.971639,14.152257,13.30016,9.32621,10.807294,8.07702,3.780694
108,-44.095348420023214,-20.095581863989857,-26.0,-4.0,0.9112881,0.43588206,0.17609175,0.00035253962,32,-0.0,-0.0,-0.0,-0.0,-0.0,-0.0,-0.0,-0.0,-0.0,-0.0,-0.0,-0.0,-0.0,-0.0,-0.0,-0.0,-0.0,-8.3458185,-9.904795,-9.339783,-11.799311,-7.813904,-11.421404,-11.088547,-10.538518,-11.676328,-13.4663105,-15.256292,-13.841161,-13.923208,-13.923208,-13.923208,-13.923208
109,-44.15815972562544,-20.068026433437065,-60.0,40.0,0.92887574,0.38277623,0.18616179,0.00031713524,32,-0.0,-0.0,-0.0,-0.0,-0.0,-0.0,-0.0,-0.0,-0.0,-0.0,-0.0,-0.0,-0.0,-0.0,-0.0,-0.0,-0.0,9.600955,7.596246,5.7134194,7.715849,9.718278,11.720707,13.723137,15.725566,13.78334,11.841114,13.652181,15.913537,7.587746,10.909952,10.242138,4.807849
111,-44.15558549178928,-20.073143870539724,-58.0,40.0,0.9956475,0.093374655,0.16038811,0.00014709214,32,-0.0,-0.0,-0.0,-0.0,-0.0,-0.0,-0.0,-0.0,-0.0,-0.0,-0.0,-0.0,-0.0,-0.0,-0.0,-0.0,-0.0,7.2865868,6.2683887,3.5871441,4.986943,6.3867416,7.7865405,9.186339,10.586139,11.985937,13.385736,13.304612,13.49361,9.440081,10.813312,8.860011,4.0864944
116,-44.15597162686471,-20.07904860565818,-60.0,40.0,0.98307085,0.18469657,0.19299243,0.00018906631,32,-0.0,-0.0,-0.0,-0.0,-0.0,-0.0,-0.0,-0.0,-0.0,-0.0,-0.0,-0.0,-0.0,-0.0,-0.0,-0.0,-0.0,10.914043,9.54058,7.055181,4.0430336,5.685155,7.327276,8.969398,10.611519,12.25364,13.895761,14.672867,15.901274,12.968725,13.162584,10.376965,5.637771
120,-44.15442708656301,-20.0717004908441,-60.0,40.0,0.98103976,0.19561706,0.18038051,0.0002138021,32,-0.0,-0.0,-0.0,-0.0,-0.0,-0.0,-0.0,-0.0,-0.0,-0.0,-0.0,-0.0,-0.0,-0.0,-0.0,-0.0,-2.9402936e-15,8.635164,7.14201,4.7037497,5.8668613,7.0299726,8.193084,9.356195,10.519307,11.682419,12.8455305,11.669345,13.298651,9.127614,12.449752,7.3769484,3.749977
122,-44.177981326163845,-20.065402106717748,-62.0,36.0,0.9920553,0.12631515,0.16516092,0.00013893403,32,-0.0,-0.0,-0.0,-0.0,-0.0,-0.0,-0.0,-0.0,-0.0,-0.0,-0.0,-0.0,-0.0,-0.0,-0.0,-0.0,-3.9203916e-15,10.321038,8.002111,5.471539,6.848921,8.226302,9.603684,10.981066,12.358448,13.73583,15.113212,14.606112,14.616909,10.294165,10.88066,8.19735,3.5345042
124,-44.16768439081922,-20.071831707180067,-58.0,40.0,0.9844347,0.17712511,0.16961817,0.00019569618,32,-0.0,-0.0,-0.0,-0.0,-0.0,-0.0,-0.0,-0.0,-0.0,-0.0,-0.0,-0.0,-0.0,-0.0,-0.0,-0.0,-0.0,7.5855455,6.9712753,5.138501,1.7757589,3.7750745,5.7743897,7.7737055,9.773021,11.772336,13.771652,13.627953,13.484254,8.751767,10.60396,9.492125,4.6503744
125,-44.09316032126248,-20.103192411475867,-30.0,-28.0,0.9221537,0.4055343,0.18537693,0.00026284982,32,-0.0,-0.0,-0.0,-0.0,-0.0,-0.0,-0.0,-0.0,-0.0,-0.0,-0.0,-0.0,-0.0,-0.0,-0.0,-0.0,9.800979e-16,6.897149,5.082589,6.0126734,6.0917106,2.212649,6.5287466,5.2700305,4.0698857,3.7500153,3.4301448,1.1196555,1.1196555,1.1196555,1.1196555,1.1196555,1.1196555
135,-44.1575161671664,-20.08482212444067,-60.0,40.0,0.9926844,0.12122337,0.17335667,0.00032299763,32,-0.0,-0.0,-0.0,-0.0,-0.0,-0.0,-0.0,-0.0,-0.0,-0.0,-0.0,-0.0,-0.0,-0.0,-0.0,-0.0,-0.0,8.781735,7.324416,5.484559,6.6324368,7.7803144,8.928192,10.07607,11.223948,12.371825,13.519703,13.43495,14.922539,9.483881,11.0741625,8.272959,4.1680546
166,-44.16227849976329,-20.07301265420376,-60.0,40.0,0.9948693,0.10141454,0.17611928,0.0002781563,32,-0.0,-0.0,-0.0,-0.0,-0.0,-0.0,-0.0,-0.0,-0.0,-0.0,-0.0,-0.0,-0.0,-0.0,-0.0,-0.0,-0.0,8.886971,8.372892,5.0611224,6.463138,7.8651533,9.267168,10.669184,12.071198,13.473214,14.87523,15.10208,14.353713,9.842614,12.056735,9.070016,5.3986716
169,-44.15906070746809,-20.06592697206161,-62.0,36.0,0.96458185,0.26856968,0.1896261,7.7959645e-05,32,-0.0,-0.0,-0.0,-0.0,-0.0,-0.0,-0.0,-0.0,-0.0,-0.0,-0.0,-0.0,-0.0,-0.0,-0.0,-0.0,1.9601958e-15,6.6232758,7.1220512,3.401541,0.27305794,2.326501,4.379944,6.433387,8.48683,10.540273,12.593716,13.484269,11.439691,4.582212,8.451679,3.8246496,3.098598
183,-44.161892364687866,-20.07721157695466,-60.0,40.0,0.98572654,0.16954353,0.20472775,0.00016644613,32,-0.0,-0.0,-0.0,-0.0,-0.0,-0.0,-0.0,-0.0,-0.0,-0.0,-0.0,-0.0,-0.0,-0.0,-0.0,-0.0,1.9601958e-15,9.898152,8.09523,5.5584226,6.8306003,8.1027775,9.374956,10.647134,11.919312,13.191489,14.463667,15.16856,13.718858,11.246044,12.3624,10.179431,4.962453
184,-44.14914990719889,-20.083509961081013,-62.0,24.0,0.92275953,0.39962417,0.18632154,0.00019650752,32,-0.0,-0.0,-0.0,-0.0,-0.0,-0.0,-0.0,-0.0,-0.0,-0.0,-0.0,-0.0,-0.0,-0.0,-0.0,-0.0,3.9203916e-15,8.847956,5.961087,4.803478,5.96343,7.1233816,8.283334,9.443286,10.603238,11.76319,12.9231415,14.083094,15.243046,6.928272,12.992077,10.947636,4.225742
192,-44.15558549178928,-20.073143870539724,-58.0,36.0,0.96856844,0.2538515,0.20102504,0.00022607588,32,-0.0,-0.0,-0.0,-0.0,-0.0,-0.0,-0.0,-0.0,-0.0,-0.0,-0.0,-0.0,-0.0,-0.0,-0.0,-0.0,-1.9601958e-15,8.447248,6.149352,4.8900228,6.3597913,7.8295603,9.299329,10.769098,12.238867,13.708635,15.178404,15.019009,14.725071,6.592593,12.346261,8.360604,4.560125
208,-44.09547713171502,-20.096631594677586,-16.0,-28.0,0.8838611,0.4968438,0.19951294,0.00028506762,32,-0.0,-0.0,-0.0,-0.0,-0.0,-0.0,-0.0,-0.0,-0.0,-0.0,-0.0,-0.0,-0.0,-0.0,-0.0,-0.0,1.9601958e-15,13.823541,15.354966,16.112894,13.161045,17.593464,17.76624,18.884666,15.772524,16.422998,14.228684,18.174667,15.50413,16.35646,11.830896,8.7337,8.7337
209,-44.09573455509864,-20.104242142163592,-30.0,-32.0,0.99192834,0.12720996,0.20155519,0.00028709535,32,-0.0,-0.0,-0.0,-0.0,-0.0,-0.0,-0.0,-0.0,-0.0,-0.0,-0.0,-0.0,-0.0,-0.0,-0.0,-0.0,-9.800979e-16,5.8196907,5.586999,3.9230356,4.381423,6.3626723,5.9851956,5.338967,0.8300353,1.374972,1.9199086,-0.33423126,-0.33423126,-0.33423126,-0.33423126,-0.33423126,-0.33423126
211,-44.14824892535624,-20.08482212444067,-62.0,36.0,0.97233886,0.23678724,0.1985304,0.00017741922,32,-0.0,-0.0,-0.0,-0.0,-0.0,-0.0,-0.0,-0.0,-0.0,-0.0,-0.0,-0.0,-0.0,-0.0,-0.0,-0.0,3.9203916e-15,10.787893,7.6925926,4.5747023,5.7361593,6.897616,8.0590725,9.22053,10.381987,11.543444,12.704901,13.788353,14.417106,7.497911,10.944895,6.361786,3.915831
227,-44.15172414103505,-20.083772393752945,-62.0,40.0,0.9442581,0.34013498,0.17343715,0.00015305412,32,-0.0,-0.0,-0.0,-0.0,-0.0,-0.0,-0.0,-0.0,-0.0,-0.0,-0.0,-0.0,-0.0,-0.0,-0.0,-0.0,1.9601958e-15,9.685408,7.899838,5.143915,6.610665,8.0774145,9.544165,11.010914,12.477664,13.944413,15.411163,15.3831415,13.9961195,6.991179,12.637772,11.64465,4.447296
230,-44.1558429151729,-20.078654956650283,-58.0,40.0,0.99377,0.11183355,0.20406978,0.00019458176,32,-0.0,-0.0,-0.0,-0.0,-0.0,-0.0,-0.0,-0.0,-0.0,-0.0,-0.0,-0.0,-0.0,-0.0,-0.0,-0.0,-0.0,9.928124,8.323913,6.280275,7.6898875,9.099501,10.509112,11.918725,13.328338,14.73795,16.147562,15.279184,15.700932,13.073331,13.4487915,10.377857,6.137937
234,-44.09496228494779,-20.095319431317925,-30.0,-20.0,0.933926,0.3708147,0.21000704,0.00035274707,32,-0.0,-0.0,-0.0,-0.0,-0.0,-0.0,-0.0,-0.0,-0.0,-0.0,-0.0,-0.0,-0.0,-0.0,-0.0,-0.0,1.9601958e-15,-10.38909,-11.722956,-10.620733,-13.911842,-9.348872,-11.082522,-9.815378,-12.800638,-14.460179,-16.588129,-16.588129,-16.588129,-16.588129,-16.588129,-16.588129,-16.588129
235,-44.1672982557438,-20.07393116855552,-60.0,40.0,0.94888365,0.32600248,0.19429739,0.00019437468,32,-0.0,-0.0,-0.0,-0.0,-0.0,-0.0,-0.0,-0.0,-0.0,-0.0,-0.0,-0.0,-0.0,-0.0,-0.0,-0.0,2.9402936e-15,8.559208,7.693279,4.565324,5.8034625,7.041601,8.279739,9.517879,10.756017,11.994156,13.232294,14.410774,15.409507,9.303324,12.749208,12.276372,6.5874352
250,-44.1558429151729,-20.071831707180067,-58.0,36.0,0.9687802,0.25208294,0.20764968,0.00012654542,32,-0.0,-0.0,-0.0,-0.0,-0.0,-0.0,-0.0,-0.0,-0.0,-0.0,-0.0,-0.0,-0.0,-0.0,-0.0,-0.0,9.800979e-16,8.455109,6.856509,6.32152,7.29262,8.2637205,9.23482,10.205921,11.177021,12.148121,13.119222,11.778492,12.142852,9.683594,10.790605,8.069021,5.923688
262,-44.15558549178928,-20.073143870539724,-60.0,40.0,0.9888833,0.14947388,0.214402,0.00019721958,32,-0.0,-0.0,-0.0,-0.0,-0.0,-0.0,-0.0,-0.0,-0.0,-0.0,-0.0,-0.0,-0.0,-0.0,-0.0,-0.0,-0.0,8.2437725,7.0964656,4.155225,5.546492,6.93776,8.329027,9.720295,11.111563,12.5028305,13.894098,13.013551,13.057307,8.666603,11.136352,8.153773,3.6517997
279,-44.15378352810397,-20.08390361008891,-62.0,40.0,0.9593733,0.28800502,0.1987492,0.00014123438,32,-0.0,-0.0,-0.0,-0.0,-0.0,-0.0,-0.0,-0.0,-0.0,-0.0,-0.0,-0.0,-0.0,-0.0,-0.0,-0.0,-0.0,9.894406,9.898591,7.7069683,3.9932773,5.4916344,6.989991,8.488348,9.986706,11.485063,12.983419,11.697484,14.125182,9.87342,11.681672,12.032167,5.6019607
292,-44.09277418618706,-20.09308875360651,-62.0,-40.0,0.94386774,0.3385104,0.2108965,0.00015072811,32,-0.0,-0.0,-0.0,-0.0,-0.0,-0.0,-0.0,-0.0,-0.0,-0.0,-0.0,-0.0,-0.0,-0.0,-0.0,-0.0,-0.0,10.734332,7.577923,7.4822636,8.1315,6.095133,6.134641,5.2367263,6.3950806,7.553435,8.711789,9.870143,11.028498,12.1868515,13.345205,12.80188,11.508524
294,-44.150050889041545,-20.0858718551284,-62.0,40.0,0.99573416,0.09243322,0.20145847,0.00022659368,32,-0.0,-0.0,-0.0,-0.0,-0.0,-0.0,-0.0,-0.0,-0.0,-0.0,-0.0,-0.0,-0.0,-0.0,-0.0,-0.0,-0.0,9.319383,7.6495504,4.381505,5.621713,6.8619213,8.10213,9.342339,10.582546,11.822755,13.0629635,13.140995,12.541188,8.924584,9.987392,7.640415,3.5138333
297,-44.1509518708842,-20.07445603389938,-62.0,40.0,0.91531914,0.42315394,0.18903947,0.000473964,32,-0.0,-0.0,-0.0,-0.0,-0.0,-0.0,-0.0,-0.0,-0.0,-0.0,-0.0,-0.0,-0.0,-0.0,-0.0,-0.0,-1.9601958e-15,10.566016,9.545724,7.124465,8.412855,9.701245,10.9896345,12.278025,13.566415,14.854804,16.143194,16.484453,16.825712,9.557846,10.150414,10.742983,3.9446452
298,-44.09573455509864,-20.104110925827623,-32.0,-32.0,0.9713802,0.24072301,0.20770803,0.00019924583,32,-0.0,-0.0,-0.0,-0.0,-0.0,-0.0,-0.0,-0.0,-0.0,-0.0,-0.0,-0.0,-0.0,-0.0,-0.0,-0.0,-0.0,6.491573,5.00258,5.2216806,4.8657527,2.5564423,6.1162004,5.8393273,4.40455,2.9697726,1.5349952,1.5349952,1.5349952,1.5349952,1.5349952,1.5349952,1.5349952
302,-44.1509518708842,-20.07445603389938,-64.0,40.0,0.9010573,0.46399283,0.19030711,0.00030566705,32,-0.0,-0.0,-0.0,-0.0,-0.0,-0.0,-0.0,-0.0,-0.0,-0.0,-0.0,-0.0,-0.0,-0.0,-0.0,-0.0,1.9601958e-15,10.134838,9.685109,6.8846393,8.192128,9.499618,10.807107,12.114596,13.422086,14.729575,16.037064,14.124249,12.211435,10.298621,10.298792,10.298964,3.6298764
307,-44.15558549178928,-20.073143870539724,-60.0,36.0,0.94426954,0.33953795,0.21462357,0.0001921205,32,-0.0,-0.0,-0.0,-0.0,-0.0,-0.0,-0.0,-0.0,-0.0,-0.0,-0.0,-0.0,-0.0,-0.0,-0.0,-0.0,1.9601958e-15,9.704253,6.242033,4.251357,6.598203,8.945049,11.291895,13.6387415,15.985587,15.159671,14.333755,14.923454,13.95019,5.3039694,11.461414,7.515388,3.6878948
322,-44.16150622961244,-20.065533323053717,-58.0,32.0,0.9559043,0.30019727,0.20587029,0.00021429466,32,-0.0,-0.0,-0.0,-0.0,-0.0,-0.0,-0.0,-0.0,-0.0,-0.0,-0.0,-0.0,-0.0,-0.0,-0.0,-0.0,-0.0,8.578047,6.443991,5.2585993,6.3338437,7.409088,8.484332,9.559577,10.634821,11.710066,12.78531,13.860555,13.981247,9.801939,14.285298,8.056603,3.7349937
326,-44.158417149009054,-20.066714270077405,-60.0,28.0,0.92922074,0.38275728,0.21405818,0.00021434038,32,-0.0,-0.0,-0.0,-0.0,-0.0,-0.0,-0.0,-0.0,-0.0,-0.0,-0.0,-0.0,-0.0,-0.0,-0.0,-0.0,3.9203916e-15,10.8517275,6.6911554,5.549282,7.620368,9.691454,11.76254,13.833626,15.904712,15.436948,14.969184,15.035581,15.155772,7.9531736,12.524024,11.452244,5.622927
334,-44.14824892535624,-20.08482212444067,-64.0,36.0,0.9591197,0.28854805,0.20624818,0.00011566065,32,-0.0,-0.0,-0.0,-0.0,-0.0,-0.0,-0.0,-0.0,-0.0,-0.0,-0.0,-0.0,-0.0,-0.0,-0.0,-0.0,-3.9203916e-15,11.270503,8.107315,6.3883095,7.459859,8.531408,9.602959,10.674508,11.7460575,12.817607,13.889156,15.969876,15.914576,9.894677,13.653672,8.681937,5.062158
341,-44.093417744646096,-20.094138484294238,-30.0,0.0,0.9271192,0.38806647,0.20293237,0.00020528595,32,-0.0,-0.0,-0.0,-0.0,-0.0,-0.0,-0.0,-0.0,-0.0,-0.0,-0.0,-0.0,-0.0,-0.0,-0.0,-0.0,-0.0,-8.587911,-9.327373,-11.372855,-13.34004,-13.40445,-15.480797,-14.261506,-14.889484,-14.12129,-14.642351,-15.163411,-15.163411,-15.163411,-15.163411,-15.163411,-15.163411
342,-44.09573455509864,-20.104110925827623,-28.0,-32.0,0.967172,0.2586741,0.21095438,0.00017666417,32,-0.0,-0.0,-0.0,-0.0,-0.0,-0.0,-0.0,-0.0,-0.0,-0.0,-0.0,-0.0,-0.0,-0.0,-0.0,-0.0,3.9203916e-15,2.7197871,2.152746,2.5213592,3.1288178,1.3857489,3.5839908,2.6072223,-3.3567638,-1.3207759,0.71521205,-2.2025,-2.2025,-2.2025,-2.2025,-2.2025,-2.2025
343,-44.094704861564175,-20.094663349638097,-30.0,-12.0,0.9320163,0.37439924,0.20520887,0.00024680147,32,-0.0,-0.0,-0.0,-0.0,-0.0,-0.0,-0.0,-0.0,-0.0,-0.0,-0.0,-0.0,-0.0,-0.0,-0.0,-0.0,-0.0,-9.123063,-11.575008,-10.834053,-13.809148,-12.204564,-10.895072,-11.110158,-14.7689,-15.387402,-15.387402,-15.387402,-15.387402,-15.387402,-15.387402,-15.387402,-15.387402
350,-44.15494193333024,-20.07143805817217,-60.0,32.0,0.9771433,0.21485306,0.2082436,0.000101412086,32,-0.0,-0.0,-0.0,-0.0,-0.0,-0.0,-0.0,-0.0,-0.0,-0.0,-0.0,-0.0,-0.0,-0.0,-0.0,-0.0,-0.0,10.539035,8.109246,6.4320307,3.6179225,5.192162,6.7664022,8.340642,9.914882,11.489121,13.063361,14.637601,15.56029,10.704242,13.766613,8.73294,5.8236985
351,-44.15365481641216,-20.083509961081013,-62.0,40.0,0.99176425,0.12863493,0.1975397,0.00024892512,32,-0.0,-0.0,-0.0,-0.0,-0.0,-0.0,-0.0,-0.0,-0.0,-0.0,-0.0,-0.0,-0.0,-0.0,-0.0,-0.0,1.9601958e-15,8.984783,7.182034,4.7149563,6.2347536,7.754551,9.274348,10.794146,12.313943,13.83374,15.353538,14.886055,14.144967,8.709143,11.401631,8.333157,4.0528026
354,-44.095219708331406,-20.10188024811621,-34.0,-40.0,0.85031635,0.56276417,0.19688289,0.0001462547,32,-0.0,-0.0,-0.0,-0.0,-0.0,-0.0,-0.0,-0.0,-0.0,-0.0,-0.0,-0.0,-0.0,-0.0,-0.0,-0.0,4.9004895e-16,3.8377388,2.5769014,3.532769,2.3261337,4.203188,10.634589,9.296903,4.710086,3.6854718,2.6608577,0.05577782,-0.023493681,-0.10276519,-0.10276519,-0.10276519,-0.10276519
355,-44.14721923182177,-20.07944225466608,-62.0,40.0,0.9097379,0.4362786,0.20008743,0.0001692326,32,-0.0,-0.0,-0.0,-0.0,-0.0,-0.0,-0.0,-0.0,-0.0,-0.0,-0.0,-0.0,-0.0,-0.0,-0.0,-0.0,-0.0,11.739369,8.7868805,7.6954527,8.333568,8.9716835,9.609798,10.247913,10.886029,11.524144,12.162259,17.152962,16.793053,7.911026,16.724108,12.129172,7.869736
358,-44.161892364687866,-20.076817927946763,-60.0,40.0,0.97885114,0.2066355,0.2046915,0.00012147129,32,-0.0,-0.0,-0.0,-0.0,-0.0,-0.0,-0.0,-0.0,-0.0,-0.0,-0.0,-0.0,-0.0,-0.0,-0.0,-0.0,-0.0,8.485037,7.7846055,4.439416,7.1691256,9.898835,12.628545,15.358254,14.487317,13.616381,12.745444,12.999201,13.624689,9.537382,12.276058,6.0052314,3.3767
365,-44.09483357325598,-20.095975512997757,-16.0,-16.0,0.87048537,0.5251366,0.2145026,0.00022786683,32,-0.0,-0.0,-0.0,-0.0,-0.0,-0.0,-0.0,-0.0,-0.0,-0.0,-0.0,-0.0,-0.0,-0.0,-0.0,-0.0,-0.0,-11.726743,-10.788241,-10.817406,-13.273648,-9.602928,-8.03419,-7.1295757,-8.170864,-7.991542,-12.292189,-11.214877,-11.084055,-12.514224,-11.547823,-17.156385,-17.156385
371,-44.16150622961244,-20.065533323053717,-58.0,36.0,0.96249855,0.27732918,0.21806788,0.00021408769,32,-0.0,-0.0,-0.0,-0.0,-0.0,-0.0,-0.0,-0.0,-0.0,-0.0,-0.0,-0.0,-0.0,-0.0,-0.0,-0.0,3.9203916e-15,9.175908,7.8701444,6.09211,7.0995026,8.1068945,9.114287,10.121679,11.129071,12.136464,13.143856,14.151248,15.158641,10.640596,13.971796,7.653241,5.653826
372,-44.156615185323744,-20.07235657252393,-60.0,40.0,0.98747224,0.15874347,0.22571152,0.00016332245,32,-0.0,-0.0,-0.0,-0.0,-0.0,-0.0,-0.0,-0.0,-0.0,-0.0,-0.0,-0.0,-0.0,-0.0,-0.0,-0.0,-1.9601958e-15,12.227042,8.620171,7.421191,8.576187,9.731182,10.886178,12.041173,13.196169,14.351164,15.50616,16.642977,15.869775,11.211309,13.043709,10.446805,6.2252045
376,-44.177981326163845,-20.065533323053717,-64.0,40.0,0.98931545,0.14667082,0.2060611,0.0001226925,32,-0.0,-0.0,-0.0,-0.0,-0.0,-0.0,-0.0,-0.0,-0.0,-0.0,-0.0,-0.0,-0.0,-0.0,-0.0,-0.0,-0.0,8.477066,7.085081,5.3873606,6.5332665,7.679172,8.825078,9.9709835,11.116889,12.2627945,13.4087,11.758686,12.127457,7.922921,9.932006,7.06614,3.2055833
428,-44.095348420023214,-20.099255921396896,-34.0,-20.0,0.8599175,0.5520587,0.21099286,0.00021701,32,-0.0,-0.0,-0.0,-0.0,-0.0,-0.0,-0.0,-0.0,-0.0,-0.0,-0.0,-0.0,-0.0,-0.0,-0.0,-0.0,-0.0,11.927896,10.323119,11.612257,8.56028,9.508765,11.472426,10.92111,8.702645,7.589104,6.475563,5.362022,7.958697,10.555372,13.152047,15.748722,18.345396
445,-44.15030831242516,-20.084690908104704,-62.0,40.0,0.9537714,0.31028697,0.19998807,0.00011961138,32,-0.0,-0.0,-0.0,-0.0,-0.0,-0.0,-0.0,-0.0,-0.0,-0.0,-0.0,-0.0,-0.0,-0.0,-0.0,-0.0,-1.9601958e-15,7.417789,7.4232187,3.9709482,0.79849255,1.5239768,3.5675485,5.61112,7.6546917,9.698263,11.741835,13.785406,12.410576,8.295143,11.815154,8.670514,2.6041653
451,-44.095348420023214,-20.09269510459861,-50.0,-32.0,0.89500684,0.4699368,0.21193483,0.000103801125,32,-0.0,-0.0,-0.0,-0.0,-0.0,-0.0,-0.0,-0.0,-0.0,-0.0,-0.0,-0.0,-0.0,-0.0,-0.0,-0.0,-1.9601958e-15,12.206221,9.653876,8.347887,5.8847237,8.331053,7.739167,8.498749,7.154002,9.134917,11.115833,13.096748,15.077664,17.058578,19.039495,17.933907,13.4997015
452,-44.1624072114551,-20.06658305374144,-60.0,36.0,0.99999905,0.0013166264,0.18705474,0.00012239197,32,-0.0,-0.0,-0.0,-0.0,-0.0,-0.0,-0.0,-0.0,-0.0,-0.0,-0.0,-0.0,-0.0,-0.0,-0.0,-0.0,-0.0,7.916224,6.468562,4.23733,5.598845,6.96036,8.321875,9.68339,11.044905,12.40642,13.767935,13.366576,13.038303,9.238227,10.3883915,7.7871037,3.6903245
454,-44.161892364687866,-20.07721157695466,-60.0,40.0,0.98762494,0.15781839,0.21329112,0.000108521395,32,-0.0,-0.0,-0.0,-0.0,-0.0,-0.0,-0.0,-0.0,-0.0,-0.0,-0.0,-0.0,-0.0,-0.0,-0.0,-0.0,2.9402936e-15,7.596528,7.721937,6.2123866,1.5698802,3.7241309,5.8783813,8.032632,10.186883,12.341133,14.495384,13.171604,13.758657,9.824087,10.759411,8.881957,4.2201543
462,-44.1492786188907,-20.083772393752945,-62.0,36.0,0.9009371,0.45448023,0.21690197,0.00015435196,32,-0.0,-0.0,-0.0,-0.0,-0.0,-0.0,-0.0,-0.0,-0.0,-0.0,-0.0,-0.0,-0.0,-0.0,-0.0,-0.0,1.9601958e-15,9.440775,7.1832237,6.1201696,2.5763373,3.207525,3.8387127,4.4699006,5.101088,5.732276,6.3634634,6.9946513,7.6258388,8.257027,14.75833,12.775842,5.534991
468,-44.16768439081922,-20.071831707180067,-58.0,40.0,0.99912137,0.041926306,0.1979922,0.00025140448,32,-0.0,-0.0,-0.0,-0.0,-0.0,-0.0,-0.0,-0.0,-0.0,-0.0,-0.0,-0.0,-0.0,-0.0,-0.0,-0.0,9.800979e-16,8.448052,7.101193,4.927308,6.291949,7.656589,9.02123,10.38587,11.75051,13.115151,14.479792,14.410076,14.230816,9.869745,11.658012,9.461726,5.0614457
469,-44.156615185323744,-20.07235657252393,-62.0,40.0,0.9884701,0.15216252,0.21888806,0.00014295946,32,-0.0,-0.0,-0.0,-0.0,-0.0,-0.0,-0.0,-0.0,-0.0,-0.0,-0.0,-0.0,-0.0,-0.0,-0.0,-0.0,-0.0,11.311396,9.432449,7.6607213,8.773937,9.887154,11.000369,12.113585,13.226801,14.340017,15.453234,15.829488,16.029776,10.454031,12.841546,9.996485,5.174189
475,-44.16150622961244,-20.06684548641337,-60.0,40.0,0.9333956,0.37320685,0.20200405,0.00019318266,32,-0.0,-0.0,-0.0,-0.0,-0.0,-0.0,-0.0,-0.0,-0.0,-0.0,-0.0,-0.0,-0.0,-0.0,-0.0,-0.0,-9.800979e-16,7.9205236,8.629596,5.855093,1.6692946,4.908377,8.14746,11.386542,14.625626,13.915562,13.205499,14.582521,12.477161,5.884587,11.795892,9.333588,5.3289294
480,-44.09573455509864,-20.10437335849956,-30.0,-28.0,0.97603565,0.21994607,0.22386426,0.00023246644,32,-0.0,-0.0,-0.0,-0.0,-0.0,-0.0,-0.0,-0.0,-0.0,-0.0,-0.0,-0.0,-0.0,-0.0,-0.0,-0.0,9.800979e-16,6.649034,5.08977,4.352131,4.5051217,4.455536,5.096094,4.89653,0.85827994,0.85827994,0.85827994,0.85827994,0.85827994,0.85827994,0.85827994,0.85827994,0.85827994
489,-44.15378352810397,-20.0854782061205,-60.0,36.0,0.98614484,0.16707681,0.22113495,0.00015665224,32,-0.0,-0.0,-0.0,-0.0,-0.0,-0.0,-0.0,-0.0,-0.0,-0.0,-0.0,-0.0,-0.0,-0.0,-0.0,-0.0,9.800979e-16,8.475059,7.4984255,5.2126365,6.367235,7.5218344,8.676434,9.831033,10.985631,12.14023,13.294829,13.481405,12.995196,10.836616,9.587175,6.1965604,3.4078577
498,-44.16202107637967,-20.07760522596256,-60.0,40.0,0.9739393,0.22963941,0.22176117,0.00018630472,32,-0.0,-0.0,-0.0,-0.0,-0.0,-0.0,-0.0,-0.0,-0.0,-0.0,-0.0,-0.0,-0.0,-0.0,-0.0,-0.0,3.9203916e-15,9.948443,7.727413,6.5381355,8.012448,9.48676,10.961073,12.435386,13.909698,15.38401,16.858322,15.993299,16.03555,10.954169,14.410514,10.352533,5.8893046
515,-44.177981326163845,-20.065533323053717,-62.0,40.0,0.99098617,0.13457483,0.22828959,0.00014239682,32,-0.0,-0.0,-0.0,-0.0,-0.0,-0.0,-0.0,-0.0,-0.0,-0.0,-0.0,-0.0,-0.0,-0.0,-0.0,-0.0,-0.0,10.435009,9.45466,6.4702497,7.6487474,8.827245,10.005743,11.184241,12.362739,13.541237,14.719734,15.20203,14.742058,10.667591,11.935794,9.58838,4.6284966
517,-44.16137751792064,-20.071044409164276,-58.0,40.0,0.9873319,0.16011351,0.20574138,0.000113239825,32,-0.0,-0.0,-0.0,-0.0,-0.0,-0.0,-0.0,-0.0,-0.0,-0.0,-0.0,-0.0,-0.0,-0.0,-0.0,-0.0,1.9601958e-15,9.839971,7.5508842,5.2180986,6.571673,7.9252467,9.278821,10.632396,11.98597,13.339544,14.693118,14.132026,14.377957,11.063564,11.535284,9.683191,5.6924105
518,-44.16202107637967,-20.07760522596256,-60.0,36.0,0.9819957,0.19045453,0.2204059,0.00024409748,32,-0.0,-0.0,-0.0,-0.0,-0.0,-0.0,-0.0,-0.0,-0.0,-0.0,-0.0,-0.0,-0.0,-0.0,-0.0,-0.0,-0.0,9.881187,7.8851094,7.1704454,7.6590967,8.147748,8.636399,9.125051,9.613701,10.102352,10.591003,11.079655,11.568306,12.056957,14.317298,10.816552,6.094607
520,-44.14992217734974,-20.08692158581612,-60.0,32.0,0.9329311,0.37142602,0.22161011,0.00016959709,32,-0.0,-0.0,-0.0,-0.0,-0.0,-0.0,-0.0,-0.0,-0.0,-0.0,-0.0,-0.0,-0.0,-0.0,-0.0,-0.0,9.800979e-16,8.803095,6.8495884,5.1094513,6.4247847,7.740118,9.055451,10.370785,11.686119,13.001452,14.316786,14.665275,15.013763,12.683894,11.165494,10.873489,9.814184
533,-44.093546456337904,-20.09361361895037,-54.0,-36.0,0.92416435,0.39691073,0.22529994,0.00012681105,32,-0.0,-0.0,-0.0,-0.0,-0.0,-0.0,-0.0,-0.0,-0.0,-0.0,-0.0,-0.0,-0.0,-0.0,-0.0,-0.0,-0.0,10.863872,9.910674,9.436114,7.972748,8.63695,7.0202622,8.669843,4.136246,6.086869,8.037491,9.988113,11.938736,13.8893585,15.83998,17.790604,15.124068
538,-44.15468450994663,-20.07904860565818,-60.0,40.0,0.9603823,0.28433818,0.2098461,7.573011e-05,32,-0.0,-0.0,-0.0,-0.0,-0.0,-0.0,-0.0,-0.0,-0.0,-0.0,-0.0,-0.0,-0.0,-0.0,-0.0,-0.0,-0.0,6.2426887,5.0618854,2.904384,3.9532373,5.0020905,6.050944,7.0997972,8.14865,9.197504,10.246357,9.713705,10.276229,5.127971,5.8983855,4.5085464,0.3919002
547,-44.1509518708842,-20.07432481756341,-62.0,40.0,0.90768754,0.43956012,0.21304497,0.00048326713,32,-0.0,-0.0,-0.0,-0.0,-0.0,-0.0,-0.0,-0.0,-0.0,-0.0,-0.0,-0.0,-0.0,-0.0,-0.0,-0.0,-0.0,9.770573,9.455448,6.9835324,9.248618,11.513704,13.7787895,16.043875,16.005957,15.96804,15.930122,15.977052,16.023981,8.182514,9.582238,10.981962,4.1282525
551,-44.09431872648875,-20.09361361895037,-60.0,-40.0,0.9269395,0.38688326,0.22368047,8.363042e-05,32,-0.0,-0.0,-0.0,-0.0,-0.0,-0.0,-0.0,-0.0,-0.0,-0.0,-0.0,-0.0,-0.0,-0.0,-0.0,-0.0,-0.0,10.128333,7.870345,6.2190485,5.577973,7.6539187,10.162002,7.018724,8.006304,8.993883,9.9814625,10.969043,11.956622,12.944201,13.931781,12.78329,10.929328
573,-44.09715038370853,-20.10437335849956,-26.0,-40.0,0.981993,0.19041304,0.21994461,0.00020242653,32,-0.0,-0.0,-0.0,-0.0,-0.0,-0.0,-0.0,-0.0,-0.0,-0.0,-0.0,-0.0,-0.0,-0.0,-0.0,-0.0,-4.9004895e-16,4.0886035,1.8925669,2.7082806,2.8654819,5.116483,6.466738,6.436271,0.40701962,1.3827553,2.358491,-0.68992984,-0.7784838,-0.8670378,-0.8670378,-0.8670378,-0.8670378
591,-44.09637811355768,-20.10476700750745,-28.0,-28.0,0.88030064,0.50150853,0.24380408,0.00016093155,32,-0.0,-0.0,-0.0,-0.0,-0.0,-0.0,-0.0,-0.0,-0.0,-0.0,-0.0,-0.0,-0.0,-0.0,-0.0,-0.0,-0.0,6.6239777,3.324815,7.3400574,6.529212,5.508792,5.6109576,7.32516,8.225852,3.072336,2.2371862,2.850799,1.4374307,1.4374307,1.4374307,1.4374307,1.4374307
595,-44.09277418618706,-20.09308875360651,-60.0,-36.0,0.9506957,0.31798822,0.22435091,0.00015162292,32,-0.0,-0.0,-0.0,-0.0,-0.0,-0.0,-0.0,-0.0,-0.0,-0.0,-0.0,-0.0,-0.0,-0.0,-0.0,-0.0,1.9601958e-15,10.627892,7.402742,5.252091,5.0805783,4.238958,4.696861,4.367889,5.425074,6.4822593,7.539445,8.59663,9.653815,10.711,11.768186,10.558844,8.932393
597,-44.094704861564175,-20.09361361895037,-56.0,-40.0,0.9236856,0.39662957,0.221461,0.00016114896,32,-0.0,-0.0,-0.0,-0.0,-0.0,-0.0,-0.0,-0.0,-0.0,-0.0,-0.0,-0.0,-0.0,-0.0,-0.0,-0.0,-0.0,11.598702,8.665273,7.0359607,6.93382,6.981813,8.871609,7.141,8.350484,9.559968,10.769452,11.978937,13.188421,14.397905,15.607389,13.578323,11.470717
617,-44.095348420023214,-20.095581863989857,-28.0,-12.0,0.91071886,0.43331236,0.20454994,0.00030632524,32,-0.0,-0.0,-0.0,-0.0,-0.0,-0.0,-0.0,-0.0,-0.0,-0.0,-0.0,-0.0,-0.0,-0.0,-0.0,-0.0,-0.0,-9.774465,-11.495452,-10.846721,-13.143617,-9.1911955,-11.436094,-12.554453,-10.204361,-15.259195,-15.665945,-16.072695,-16.479445,-15.756258,-15.756258,-15.756258,-15.756258
621,-44.095348420023214,-20.095581863989857,-30.0,-16.0,0.919275,0.40785578,0.221529,0.00037647443,32,-0.0,-0.0,-0.0,-0.0,-0.0,-0.0,-0.0,-0.0,-0.0,-0.0,-0.0,-0.0,-0.0,-0.0,-0.0,-0.0,3.9203916e-15,-11.138034,-11.89492,-11.793619,-14.796528,-9.336264,-11.399472,-12.286828,-12.36226,-15.873045,-16.616974,-17.3609,-17.923916,-17.923916,-17.923916,-17.923916,-17.923916
631,-44.150050889041545,-20.08574063879243,-62.0,32.0,0.96217763,0.27867618,0.2173203,0.00012443759,32,-0.0,-0.0,-0.0,-0.0,-0.0,-0.0,-0.0,-0.0,-0.0,-0.0,-0.0,-0.0,-0.0,-0.0,-0.0,-0.0,-0.0,8.441065,5.5786004,3.878876,5.425089,6.971302,8.517515,10.063727,11.609941,13.156154,14.702366,14.015874,11.46008,8.141227,11.90401,8.281943,3.9053853
632,-44.158417149009054,-20.066714270077405,-62.0,32.0,0.9420799,0.3442246,0.21013477,0.0001555898,32,-0.0,-0.0,-0.0,-0.0,-0.0,-0.0,-0.0,-0.0,-0.0,-0.0,-0.0,-0.0,-0.0,-0.0,-0.0,-0.0,-3.9203916e-15,10.7244215,7.3958383,3.8658876,6.516261,9.166635,11.817009,14.467382,17.117756,15.587022,14.056288,15.175928,16.689487,8.056234,10.939317,10.745137,5.999984
639,-44.14721923182177,-20.07944225466608,-62.0,40.0,0.9141801,0.42269146,0.23625557,0.00014431524,32,-0.0,-0.0,-0.0,-0.0,-0.0,-0.0,-0.0,-0.0,-0.0,-0.0,-0.0,-0.0,-0.0,-0.0,-0.0,-0.0,-3.9203916e-15,11.060896,10.040687,6.660497,4.7768188,4.217557,5.876887,7.536217,9.195547,10.854877,12.514208,16.049887,16.132309,9.087146,15.615698,13.365267,6.775471
642,-44.093417744646096,-20.09361361895037,-50.0,-32.0,0.95720506,0.29472056,0.22483774,0.00017313514,32,-0.0,-0.0,-0.0,-0.0,-0.0,-0.0,-0.0,-0.0,-0.0,-0.0,-0.0,-0.0,-0.0,-0.0,-0.0,-0.0,1.9601958e-15,12.385703,10.17934,9.173347,8.541276,10.401758,10.324371,8.391531,6.009696,7.6800175,9.35034,11.020661,12.690983,14.361304,16.031626,17.701948,15.848143
659,-44.09316032126248,-20.093876051622303,-26.0,0.0,0.9202357,0.41621837,0.23191184,0.0004714754,32,-0.0,-0.0,-0.0,-0.0,-0.0,-0.0,-0.0,-0.0,-0.0,-0.0,-0.0,-0.0,-0.0,-0.0,-0.0,-0.0,-0.0,-7.961743,-9.192311,-10.495236,-11.237874,-11.264278,-12.39505,-12.711505,-12.503998,-12.932479,-12.932479,-12.932479,-12.932479,-12.932479,-12.932479,-12.932479,-12.932479
666,-44.09612069017406,-20.098599839717068,-32.0,-20.0,0.8369649,0.59542996,0.22777635,0.00024879372,32,-0.0,-0.0,-0.0,-0.0,-0.0,-0.0,-0.0,-0.0,-0.0,-0.0,-0.0,-0.0,-0.0,-0.0,-0.0,-0.0,-1.9601958e-15,12.683479,10.119148,13.471762,10.48087,11.461879,12.716632,11.328708,6.059265,6.417532,6.7757993,7.134066,7.492333,7.8506,7.8506,7.8506,7.8506
674,-44.15803101393363,-20.068026433437065,-60.0,40.0,0.9488301,0.32394177,0.21363357,0.00017669244,32,-0.0,-0.0,-0.0,-0.0,-0.0,-0.0,-0.0,-0.0,-0.0,-0.0,-0.0,-0.0,-0.0,-0.0,-0.0,-0.0,-1.9601958e-15,9.548527,7.79852,6.3242226,7.200923,8.077623,8.954324,9.831025,10.707726,11.584426,12.461126,12.182506,15.158774,8.967984,10.781567,11.133415,3.989073
687,-44.095348420023214,-20.095844296661788,-26.0,-12.0,0.9264778,0.39259818,0.2429174,0.0003334301,32,-0.0,-0.0,-0.0,-0.0,-0.0,-0.0,-0.0,-0.0,-0.0,-0.0,-0.0,-0.0,-0.0,-0.0,-0.0,-0.0,-0.0,-9.204464,-9.568812,-9.681025,-13.630729,-10.996038,-12.439317,-11.045008,-13.628668,-13.238497,-14.386373,-15.534249,-15.823201,-15.957479,-15.957479,-15.957479,-15.957479
689,-44.094704861564175,-20.102273897124107,-40.0,-24.0,0.8999888,0.45509607,0.22149613,0.00017279296,32,-0.0,-0.0,-0.0,-0.0,-0.0,-0.0,-0.0,-0.0,-0.0,-0.0,-0.0,-0.0,-0.0,-0.0,-0.0,-0.0,-0.0,7.2241178,4.666006,3.3739133,2.414032,2.0175388,1.6210455,1.7215807,2.1754477,2.1754477,2.1754477,2.1754477,2.1754477,2.1754477,2.1754477,2.1754477,2.1754477
699,-44.09277418618706,-20.092957537270543,-60.0,-36.0,0.8248223,0.62379014,0.22112992,0.00010524349,32,-0.0,-0.0,-0.0,-0.0,-0.0,-0.0,-0.0,-0.0,-0.0,-0.0,-0.0,-0.0,-0.0,-0.0,-0.0,-0.0,1.9601958e-15,11.493879,9.88288,6.4015646,6.0212836,5.910419,8.155563,7.141794,9.575499,12.009202,14.442906,16.876612,16.49454,15.701762,14.908986,14.116209,10.9190035
704,-44.16227849976329,-20.07301265420376,-60.0,40.0,0.9730441,0.23360339,0.21389751,0.00015998124,32,-0.0,-0.0,-0.0,-0.0,-0.0,-0.0,-0.0,-0.0,-0.0,-0.0,-0.0,-0.0,-0.0,-0.0,-0.0,-0.0,2.9402936e-15,7.427001,7.2719827,3.2098327,1.0498347,2.6902144,4.330594,5.9709735,7.611353,9.251733,10.892112,12.532492,14.172872,10.8914175,12.907917,8.844361,6.1072173
738,-44.16137751792064,-20.071044409164276,-58.0,40.0,0.9537537,0.30705687,0.21450779,8.5356805e-05,32,-0.0,-0.0,-0.0,-0.0,-0.0,-0.0,-0.0,-0.0,-0.0,-0.0,-0.0,-0.0,-0.0,-0.0,-0.0,-0.0,-1.9601958e-15,11.584757,8.381778,5.4475284,8.414058,11.380588,14.347116,17.313646,16.492767,15.671888,14.851009,15.446126,16.023857,8.594995,13.23508,11.076743,8.408901
743,-44.095219708331406,-20.10292997880393,-34.0,-32.0,0.963839,0.27309382,0.2487394,0.00023321668,32,-0.0,-0.0,-0.0,-0.0,-0.0,-0.0,-0.0,-0.0,-0.0,-0.0,-0.0,-0.0,-0.0,-0.0,-0.0,-0.0,1.9601958e-15,5.6660166,2.6910112,2.704269,2.1261892,1.3798797,4.852921,4.4388013,-0.1531959,-0.6852952,-1.2173945,-1.2173945,-1.2173945,-1.2173945,-1.2173945,-1.2173945,-1.2173945
748,-44.1672982557438,-20.073799952219552,-60.0,40.0,0.9394868,0.35379896,0.2385987,0.00016835134,32,-0.0,-0.0,-0.0,-0.0,-0.0,-0.0,-0.0,-0.0,-0.0,-0.0,-0.0,-0.0,-0.0,-0.0,-0.0,-0.0,-0.0,7.6390014,7.244004,4.991807,5.9356685,6.8795304,7.823392,8.767254,9.711116,10.654977,11.598839,14.422583,13.6924305,7.320402,11.332033,12.303253,6.421192
749,-44.15970426592713,-20.064614808701958,-60.0,36.0,0.9923783,0.1236501,0.23288263,0.00010213836,32,-0.0,-0.0,-0.0,-0.0,-0.0,-0.0,-0.0,-0.0,-0.0,-0.0,-0.0,-0.0,-0.0,-0.0,-0.0,-0.0,-0.0,9.1916,7.3573275,5.6624565,7.1325827,8.602709,10.072836,11.542962,13.013088,14.483215,15.9533415,15.909514,15.036427,12.252926,13.33981,9.644339,5.664051
753,-44.09444743818056,-20.09453213330213,-30.0,4.0,0.93633944,0.3616963,0.24223724,0.0002814164,32,-0.0,-0.0,-0.0,-0.0,-0.0,-0.0,-0.0,-0.0,-0.0,-0.0,-0.0,-0.0,-0.0,-0.0,-0.0,-0.0,-9.800979e-16,-8.670326,-10.010016,-10.394288,-12.730363,-11.554352,-14.321018,-15.187565,-13.939493,-13.73591,-13.73591,-13.73591,-13.73591,-13.73591,-13.73591,-13.73591,-13.73591
772,-44.093546456337904,-20.094400916966165,-26.0,12.0,0.9233013,0.3976936,0.23818585,0.00025641994,32,-0.0,-0.0,-0.0,-0.0,-0.0,-0.0,-0.0,-0.0,-0.0,-0.0,-0.0,-0.0,-0.0,-0.0,-0.0,-0.0,9.800979e-16,-5.800103,-8.240769,-8.585614,-9.104202,-9.289509,-12.002647,-11.814932,-11.548033,-10.558307,-10.558307,-10.558307,-10.558307,-10.558307,-10.558307,-10.558307,-10.558307
778,-44.14824892535624,-20.084690908104704,-64.0,40.0,0.993268,0.11620175,0.217038,0.000119338845,32,-0.0,-0.0,-0.0,-0.0,-0.0,-0.0,-0.0,-0.0,-0.0,-0.0,-0.0,-0.0,-0.0,-0.0,-0.0,-0.0,-1.9601958e-15,9.609522,8.000815,6.574027,7.7148657,8.855704,9.996543,11.137381,12.278219,13.419058,14.559896,13.999565,13.697861,9.055529,9.846054,8.274367,3.3248992
781,-44.09277418618706,-20.092957537270543,-64.0,-40.0,0.9240293,0.3957767,0.23231132,0.00016137642,32,-0.0,-0.0,-0.0,-0.0,-0.0,-0.0,-0.0,-0.0,-0.0,-0.0,-0.0,-0.0,-0.0,-0.0,-0.0,-0.0,-0.0,10.8417015,7.4001474,6.4536,6.3039374,7.225139,6.554381,6.981584,9.076251,11.170917,13.265583,15.3602495,17.454916,14.494087,11.533259,10.872133,9.275691
785,-44.15648647363194,-20.07655549527483,-58.0,32.0,0.947436,0.32984012,0.24211547,8.705073e-05,32,-0.0,-0.0,-0.0,-0.0,-0.0,-0.0,-0.0,-0.0,-0.0,-0.0,-0.0,-0.0,-0.0,-0.0,-0.0,-0.0,3.9203916e-15,9.269444,5.8159924,5.548146,3.097875,5.0140815,6.9302883,8.846495,10.762701,12.678908,14.595115,14.463798,14.332481,13.464859,11.789594,11.712741,6.426702
795,-44.09740780709214,-20.10463579117149,-30.0,-40.0,0.8850024,0.53440773,0.22723202,0.0001532011,32,-0.0,-0.0,-0.0,-0.0,-0.0,-0.0,-0.0,-0.0,-0.0,-0.0,-0.0,-0.0,-0.0,-0.0,-0.0,-0.0,2.9402936e-15,3.6186223,1.8033016,2.951469,1.9344946,5.8234453,7.396643,7.647935,2.7670765,3.233327,3.699577,-0.5242865,-1.217895,-1.9115034,-1.9115034,-1.9115034,-1.9115034
800,-44.1674269674356,-20.07432481756341,-60.0,40.0,0.99912155,0.04192622,0.23580386,0.00012518003,32,-0.0,-0.0,-0.0,-0.0,-0.0,-0.0,-0.0,-0.0,-0.0,-0.0,-0.0,-0.0,-0.0,-0.0,-0.0,-0.0,9.800979e-16,7.2722893,5.9004493,3.6305058,4.920119,6.209732,7.4993453,8.788959,10.078571,11.368185,12.657798,12.318664,12.262682,8.712844,9.978388,6.8663316,2.6784942
809,-44.16163494130425,-20.076817927946763,-60.0,40.0,0.9765173,0.21793333,0.2365612,0.00012580244,32,-0.0,-0.0,-0.0,-0.0,-0.0,-0.0,-0.0,-0.0,-0.0,-0.0,-0.0,-0.0,-0.0,-0.0,-0.0,-0.0,-0.0,8.962013,5.7161236,2.3178885,3.9542387,5.5905886,7.2269387,8.863289,10.499639,12.135989,13.772339,12.257045,13.267727,7.1401978,11.410082,7.107647,2.450947
810,-44.15906070746809,-20.06566453938968,-64.0,40.0,0.9807913,0.19675484,0.22297284,0.00012886837,32,-0.0,-0.0,-0.0,-0.0,-0.0,-0.0,-0.0,-0.0,-0.0,-0.0,-0.0,-0.0,-0.0,-0.0,-0.0,-0.0,9.800979e-16,7.8440166,7.275415,4.125235,5.104406,6.0835767,7.0627475,8.041918,9.021089,10.000259,10.97943,11.690113,11.278003,4.6275845,6.7764463,4.721173,1.5137162
812,-44.09612069017406,-20.10463579117149,-32.0,-28.0,0.9810543,0.19555587,0.24058457,0.00018460231,32,-0.0,-0.0,-0.0,-0.0,-0.0,-0.0,-0.0,-0.0,-0.0,-0.0,-0.0,-0.0,-0.0,-0.0,-0.0,-0.0,9.800979e-16,7.31521,5.1716866,4.326726,5.483485,4.73388,6.402596,5.282727,2.5872052,1.5491064,0.51100767,0.51100767,0.51100767,0.51100767,0.51100767,0.51100767,0.51100767
815,-44.09290289787887,-20.09361361895037,-34.0,-32.0,0.9477484,0.3269546,0.24155085,0.00027799365,32,-0.0,-0.0,-0.0,-0.0,-0.0,-0.0,-0.0,-0.0,-0.0,-0.0,-0.0,-0.0,-0.0,-0.0,-0.0,-0.0,1.9601958e-15,12.474434,11.047609,9.862652,9.990208,11.583265,11.348773,13.268622,9.49032,8.327097,7.163874,6.0006514,6.0006514,6.0006514,6.0006514,6.0006514,6.0006514
817,-44.15326868133674,-20.081935365049425,-60.0,40.0,0.97455287,0.22695863,0.23753211,0.00013418394,32,-0.0,-0.0,-0.0,-0.0,-0.0,-0.0,-0.0,-0.0,-0.0,-0.0,-0.0,-0.0,-0.0,-0.0,-0.0,-0.0,-0.0,9.259489,7.2806478,5.8008027,6.9311385,8.061475,9.191811,10.322146,11.452482,12.582818,13.713154,12.388122,13.662901,9.07014,10.147478,10.679209,2.696896
819,-44.15391223979578,-20.07025711114848,-58.0,40.0,0.96879125,0.251771,0.22422275,0.00012923428,32,-0.0,-0.0,-0.0,-0.0,-0.0,-0.0,-0.0,-0.0,-0.0,-0.0,-0.0,-0.0,-0.0,-0.0,-0.0,-0.0,-0.0,9.140468,7.2753587,4.409699,5.7800684,7.150438,8.520807,9.891176,11.261545,12.631915,14.002284,15.87092,13.33826,8.040307,10.486364,8.374577,4.4286313
826,-44.09573455509864,-20.100436868420587,-40.0,-32.0,0.85571986,0.5583373,0.24542302,0.00029766848,32,-0.0,-0.0,-0.0,-0.0,-0.0,-0.0,-0.0,-0.0,-0.0,-0.0,-0.0,-0.0,-0.0,-0.0,-0.0,-0.0,1.9601958e-15,7.831352,5.9214454,8.252972,4.1020045,6.227027,9.899216,7.214245,5.9900885,3.8597348,1.7293808,2.5375886,3.3457963,4.154004,4.154004,4.154004,4.154004
839,-44.1541696631794,-20.07983590367397,-60.0,40.0,0.9838538,0.18029623,0.23935002,0.00027133914,32,-0.0,-0.0,-0.0,-0.0,-0.0,-0.0,-0.0,-0.0,-0.0,-0.0,-0.0,-0.0,-0.0,-0.0,-0.0,-0.0,-0.0,10.260229,8.677112,5.5935435,6.8149085,8.036273,9.257638,10.479003,11.700368,12.921733,14.143098,14.13816,15.532552,12.327246,13.41296,9.832256,6.657599
842,-44.161892364687866,-20.07708036061869,-62.0,36.0,0.98912096,0.14776096,0.22787876,9.263296e-05,32,-0.0,-0.0,-0.0,-0.0,-0.0,-0.0,-0.0,-0.0,-0.0,-0.0,-0.0,-0.0,-0.0,-0.0,-0.0,-0.0,-1.9601958e-15,9.764377,7.3208485,5.543437,6.883692,8.223946,9.5642,10.904455,12.244709,13.584964,14.925219,12.771648,14.69107,9.571258,10.307413,8.408157,4.416205
843,-44.09715038370853,-20.098731056053037,-42.0,-16.0,0.8399253,0.5894708,0.22958055,0.00012341807,32,-0.0,-0.0,-0.0,-0.0,-0.0,-0.0,-0.0,-0.0,-0.0,-0.0,-0.0,-0.0,-0.0,-0.0,-0.0,-0.0,-0.0,10.984456,9.505269,7.9603176,5.55216,6.8362513,9.158008,7.5303974,6.7029204,6.7029204,6.7029204,6.7029204,6.7029204,6.7029204,6.7029204,6.7029204,6.7029204
849,-44.09689296032491,-20.098862272389,-40.0,-16.0,0.8082655,0.64302075,0.23864205,0.00013250821,32,-0.0,-0.0,-0.0,-0.0,-0.0,-0.0,-0.0,-0.0,-0.0,-0.0,-0.0,-0.0,-0.0,-0.0,-0.0,-0.0,-0.0,11.218113,8.18207,7.723343,4.883487,7.089153,7.0175977,7.99281,6.8504515,8.046386,9.24232,10.438254,11.634189,12.830123,14.026057,15.221992,16.417927
878,-44.15532806840567,-20.07944225466608,-60.0,40.0,0.98164153,0.19241036,0.24028865,0.00024076854,32,-0.0,-0.0,-0.0,-0.0,-0.0,-0.0,-0.0,-0.0,-0.0,-0.0,-0.0,-0.0,-0.0,-0.0,-0.0,-0.0,1.9601958e-15,8.875369,7.6279325,4.874118,2.2348542,4.380201,6.5255475,8.670894,10.81624,12.961587,15.106934,15.676252,14.802938,10.595848,13.647515,9.673957,4.7741466
879,-44.15172414103505,-20.083772393752945,-62.0,40.0,0.94224805,0.34635422,0.23466736,0.00017846754,32,-0.0,-0.0,-0.0,-0.0,-0.0,-0.0,-0.0,-0.0,-0.0,-0.0,-0.0,-0.0,-0.0,-0.0,-0.0,-0.0,-5.8805872e-15,9.299945,8.132733,3.7111397,5.4044294,7.097719,8.791009,10.484299,12.177588,13.870878,15.564168,14.290977,13.99401,5.7649117,12.527791,11.474838,3.9072545
881,-44.09727909540033,-20.098731056053037,-40.0,-16.0,0.8462761,0.57560474,0.22890337,7.089602e-05,32,-0.0,-0.0,-0.0,-0.0,-0.0,-0.0,-0.0,-0.0,-0.0,-0.0,-0.0,-0.0,-0.0,-0.0,-0.0,-0.0,-1.9601958e-15,11.405592,10.081006,9.919745,11.595595,9.698558,11.46479,8.643684,5.927207,5.927207,5.927207,5.927207,5.927207,5.927207,5.927207,5.927207,5.927207
902,-44.09135835757717,-20.090201994215263,-54.0,-32.0,0.9236139,0.3990633,0.23943725,0.00012808619,32,-0.0,-0.0,-0.0,-0.0,-0.0,-0.0,-0.0,-0.0,-0.0,-0.0,-0.0,-0.0,-0.0,-0.0,-0.0,-0.0,-1.9601958e-15,11.562496,10.338524,7.7500997,8.510437,7.073169,7.240372,6.9154305,8.451828,9.988225,11.524622,13.06102,14.597417,16.133814,17.670212,14.726111,12.521082
917,-44.0917444926526,-20.09164537391089,-66.0,-28.0,0.8399489,0.58606946,0.23359168,6.524553e-05,32,-0.0,-0.0,-0.0,-0.0,-0.0,-0.0,-0.0,-0.0,-0.0,-0.0,-0.0,-0.0,-0.0,-0.0,-0.0,-0.0,1.9601958e-15,11.853863,11.224465,10.894169,7.39514,7.618952,6.37566,6.2122555,8.570406,10.928556,13.286707,15.644858,18.003008,17.431017,16.859026,12.476835,8.993326
922,-44.095863266790445,-20.09702524368548,-32.0,-16.0,0.8334973,0.6023138,0.22462654,0.00019463511,32,-0.0,-0.0,-0.0,-0.0,-0.0,-0.0,-0.0,-0.0,-0.0,-0.0,-0.0,-0.0,-0.0,-0.0,-0.0,-0.0,-0.0,12.968401,12.47721,12.478275,10.429639,9.5229845,11.076377,10.860041,8.709826,7.290491,7.166496,7.0425005,7.807381,8.739825,8.739825,8.739825,8.739825
953,-44.09715038370853,-20.098862272389,-42.0,-12.0,0.81594616,0.6319421,0.22483456,0.00016212075,32,-0.0,-0.0,-0.0,-0.0,-0.0,-0.0,-0.0,-0.0,-0.0,-0.0,-0.0,-0.0,-0.0,-0.0,-0.0,-0.0,-0.0,10.485586,9.155919,7.257842,4.637068,8.0788765,7.905226,5.996936,4.875933,6.1970124,7.5180917,8.83917,10.16025,11.481329,12.802408,14.123487,15.444566
988,-44.1591894191599,-20.06592697206161,-64.0,36.0,0.9466307,0.33186823,0.23593827,9.492854e-05,32,-0.0,-0.0,-0.0,-0.0,-0.0,-0.0,-0.0,-0.0,-0.0,-0.0,-0.0,-0.0,-0.0,-0.0,-0.0,-0.0,1.9601958e-15,7.629846,7.3346553,4.267941,6.241083,8.214225,10.187367,12.160509,14.133652,13.066898,12.000146,10.683531,10.496552,3.8478775,6.8778296,3.4965389,3.4965389
991,-44.1575161671664,-20.08482212444067,-60.0,40.0,0.9994936,0.03182455,0.23950803,0.00027012592,32,-0.0,-0.0,-0.0,-0.0,-0.0,-0.0,-0.0,-0.0,-0.0,-0.0,-0.0,-0.0,-0.0,-0.0,-0.0,-0.0,-9.800979e-16,8.325995,6.650197,4.5846357,5.834229,7.0838227,8.333416,9.58301,10.832603,12.082196,13.33179,13.363751,13.083098,9.216098,10.654532,7.7075806,3.876027
1001,-44.161892364687866,-20.076817927946763,-64.0,32.0,0.96615434,0.26191953,0.23441048,8.023096e-05,32,-0.0,-0.0,-0.0,-0.0,-0.0,-0.0,-0.0,-0.0,-0.0,-0.0,-0.0,-0.0,-0.0,-0.0,-0.0,-0.0,-1.9601958e-15,9.958157,8.825103,6.024746,7.4473367,8.869927,10.292519,11.715109,13.1377,14.56029,15.982882,13.64594,14.698337,11.470032,10.356695,9.815265,4.3956666
1002,-44.09444743818056,-20.09492578231003,-34.0,-32.0,1.0,0.00039513933,0.22878867,0.00025367626,32,-0.0,-0.0,-0.0,-0.0,-0.0,-0.0,-0.0,-0.0,-0.0,-0.0,-0.0,-0.0,-0.0,-0.0,-0.0,-0.0,-0.0,-12.366535,-13.952633,-14.834676,-14.382298,-13.754643,-13.048118,-13.7081375,-18.029482,-18.35323,-18.676975,-18.676975,-18.676975,-18.676975,-18.676975,-18.676975,-18.676975
1010,-44.15365481641216,-20.083509961081013,-62.0,40.0,0.99335134,0.11545927,0.23778822,0.00019389139,32,-0.0,-0.0,-0.0,-0.0,-0.0,-0.0,-0.0,-0.0,-0.0,-0.0,-0.0,-0.0,-0.0,-0.0,-0.0,-0.0,-1.9601958e-15,9.504327,7.87029,5.229249,6.7210436,8.212838,9.704633,11.196427,12.688222,14.1800165,15.671812,14.915726,14.396589,9.430599,11.866501,9.233663,4.2943797
1020,-44.16292205822233,-20.072094139852,-60.0,40.0,0.91512394,0.41756633,0.24028625,0.0001782693,32,-0.0,-0.0,-0.0,-0.0,-0.0,-0.0,-0.0,-0.0,-0.0,-0.0,-0.0,-0.0,-0.0,-0.0,-0.0,-0.0,-0.0,9.753325,5.558037,4.506154,6.056336,7.606518,9.1567,10.7068815,12.257064,13.807245,15.357428,14.830126,14.517001,13.1938715,14.51911,9.231693,4.0313354
1034,-44.16202107637967,-20.07721157695466,-60.0,40.0,0.981273,0.1944176,0.24814238,0.00010865971,32,-0.0,-0.0,-0.0,-0.0,-0.0,-0.0,-0.0,-0.0,-0.0,-0.0,-0.0,-0.0,-0.0,-0.0,-0.0,-0.0,-1.9601958e-15,10.52822,9.722103,6.123166,7.2628136,8.402461,9.542109,10.681756,11.821404,12.961052,14.100699,15.771208,14.338028,10.798695,14.105032,10.001593,6.448986
1040,-44.161892364687866,-20.07721157695466,-60.0,40.0,0.96591824,0.26365894,0.2468073,0.00010343269,32,-0.0,-0.0,-0.0,-0.0,-0.0,-0.0,-0.0,-0.0,-0.0,-0.0,-0.0,-0.0,-0.0,-0.0,-0.0,-0.0,-0.0,10.54339,7.8472137,6.0120974,6.986032,7.9599667,8.933901,9.907836,10.88177,11.855704,12.829639,14.767618,13.69691,10.079098,10.817476,8.9992,8.9992
1050,-44.09457614987237,-20.102405113460076,-38.0,-36.0,0.93953866,0.35215226,0.24512702,0.00030498733,32,-0.0,-0.0,-0.0,-0.0,-0.0,-0.0,-0.0,-0.0,-0.0,-0.0,-0.0,-0.0,-0.0,-0.0,-0.0,-0.0,3.9203916e-15,7.620715,5.8167443,6.550859,6.2146873,3.7985582,6.879414,6.952788,0.6949939,0.6949939,0.6949939,0.6949939,0.6949939,0.6949939,0.6949939,0.6949939,0.6949939
1070,-44.1575161671664,-20.08482212444067,-60.0,36.0,0.96219236,0.28010356,0.23884472,0.00017387042,32,-0.0,-0.0,-0.0,-0.0,-0.0,-0.0,-0.0,-0.0,-0.0,-0.0,-0.0,-0.0,-0.0,-0.0,-0.0,-0.0,-2.9402936e-15,7.82066,6.2336764,4.30188,1.8672374,3.9555364,6.043835,8.132134,10.220433,12.308732,14.397031,12.229299,12.648292,13.669304,12.033334,8.236694,3.5393891
1072,-44.0917444926526,-20.09164537391089,-64.0,-36.0,0.91248626,0.42968604,0.23979232,7.8801335e-05,32,-0.0,-0.0,-0.0,-0.0,-0.0,-0.0,-0.0,-0.0,-0.0,-0.0,-0.0,-0.0,-0.0,-0.0,-0.0,-0.0,1.9601958e-15,13.29154,10.807486,11.208415,7.1420946,8.527124,6.9381804,7.385439,9.676045,11.966651,14.257257,16.547863,18.83847,16.785898,14.733325,12.327004,7.6778092
1076,-44.15880328408448,-20.06592697206161,-60.0,40.0,0.93656856,0.36525702,0.23667216,7.3392395e-05,32,-0.0,-0.0,-0.0,-0.0,-0.0,-0.0,-0.0,-0.0,-0.0,-0.0,-0.0,-0.0,-0.0,-0.0,-0.0,-0.0,-0.0,11.864018,7.2616878,8.417696,9.573704,10.7297125,11.88572,13.041728,14.197736,15.3537445,16.509752,15.606195,15.795183,9.132282,13.544714,10.87741,8.067213
1079,-44.15391223979578,-20.07025711114848,-60.0,40.0,0.9695847,0.24850449,0.24799877,9.992429e-05,32,-0.0,-0.0,-0.0,-0.0,-0.0,-0.0,-0.0,-0.0,-0.0,-0.0,-0.0,-0.0,-0.0,-0.0,-0.0,-0.0,1.9601958e-15,10.230508,8.723681,7.335322,8.5186,9.701879,10.885157,12.068436,13.251714,14.434992,15.618271,16.144184,14.838694,10.967874,13.946274,8.332468,4.4172063
1091,-44.158417149009054,-20.0850845571126,-58.0,36.0,0.8887288,0.4815745,0.24550791,0.00012143039,32,-0.0,-0.0,-0.0,-0.0,-0.0,-0.0,-0.0,-0.0,-0.0,-0.0,-0.0,-0.0,-0.0,-0.0,-0.0,-0.0,9.800979e-16,7.8569965,9.28364,6.5211782,2.9817848,1.6980423,3.7038162,5.70959,7.715364,9.721138,11.726912,13.732685,12.988586,12.244488,11.500389,10.7562895,5.864538
1092,-44.1509518708842,-20.07432481756341,-64.0,40.0,0.87775964,0.53542435,0.2352003,0.00030330935,32,-0.0,-0.0,-0.0,-0.0,-0.0,-0.0,-0.0,-0.0,-0.0,-0.0,-0.0,-0.0,-0.0,-0.0,-0.0,-0.0,1.9601958e-15,9.199233,8.903593,6.8377094,2.3945212,3.064324,3.7341268,4.403929,5.0737324,5.743535,6.4133377,7.0831404,7.752943,8.422746,9.223597,10.024447,3.6369135
1099,-44.093546456337904,-20.09361361895037,-52.0,-36.0,0.8961929,0.46807668,0.23183072,0.00010412827,32,-0.0,-0.0,-0.0,-0.0,-0.0,-0.0,-0.0,-0.0,-0.0,-0.0,-0.0,-0.0,-0.0,-0.0,-0.0,-0.0,-0.0,11.275594,9.383513,9.483986,7.8953223,8.315986,6.0193143,8.18432,9.396059,10.593217,11.790375,12.987533,14.18469,15.381848,16.579006,17.776165,15.01056
1102,-44.16292205822233,-20.072094139852,-60.0,40.0,0.91454065,0.42063314,0.23443252,0.00013330363,32,-0.0,-0.0,-0.0,-0.0,-0.0,-0.0,-0.0,-0.0,-0.0,-0.0,-0.0,-0.0,-0.0,-0.0,-0.0,-0.0,-1.9601958e-15,9.110079,5.535588,3.6729333,5.1868076,6.700682,8.214557,9.728431,11.242305,12.756179,14.270053,14.552289,14.587177,12.48928,14.055068,9.6984415,3.3224764
1108,-44.14734794351358,-20.07878617298625,-60.0,40.0,0.99970615,0.02424301,0.23583807,8.263391e-05,32,-0.0,-0.0,-0.0,-0.0,-0.0,-0.0,-0.0,-0.0,-0.0,-0.0,-0.0,-0.0,-0.0,-0.0,-0.0,-0.0,-0.0,11.435934,9.9422,7.6939073,9.025827,10.357748,11.689668,13.021588,14.353509,15.685429,17.01735,16.669876,16.388973,12.470627,13.959686,11.40505,6.8071704
1117,-44.16768439081922,-20.071831707180067,-58.0,36.0,0.981466,0.19336696,0.22862582,0.0001814576,32,-0.0,-0.0,-0.0,-0.0,-0.0,-0.0,-0.0,-0.0,-0.0,-0.0,-0.0,-0.0,-0.0,-0.0,-0.0,-0.0,-9.800979e-16,8.459696,6.0193925,4.136724,5.4929576,6.849191,8.205425,9.561659,10.917892,12.274126,13.63036,13.197021,10.971247,9.368249,10.838411,8.198478,4.264261
1127,-44.09264547449525,-20.09308875360651,-62.0,-40.0,0.8971481,0.47378388,0.23896502,0.00011133063,32,-0.0,-0.0,-0.0,-0.0,-0.0,-0.0,-0.0,-0.0,-0.0,-0.0,-0.0,-0.0,-0.0,-0.0,-0.0,-0.0,-0.0,10.008758,7.434835,5.6749578,5.628341,6.307583,6.1073112,5.543027,5.9352612,6.3274956,6.7197294,7.1119637,7.5041976,7.896432,8.288666,8.680901,9.827024
1146,-44.16034782438617,-20.068813731452856,-56.0,40.0,0.9864666,0.1649596,0.24976282,0.00036398857,32,-0.0,-0.0,-0.0,-0.0,-0.0,-0.0,-0.0,-0.0,-0.0,-0.0,-0.0,-0.0,-0.0,-0.0,-0.0,-0.0,-0.0,9.187231,8.727803,7.254092,8.494803,9.735515,10.976226,12.216937,13.457648,14.6983595,15.939071,14.851153,13.763236,12.675319,15.87611,11.819661,6.6647635
1153,-44.150050889041545,-20.0858718551284,-62.0,36.0,0.99220043,0.1250837,0.2397805,0.00020716414,32,-0.0,-0.0,-0.0,-0.0,-0.0,-0.0,-0.0,-0.0,-0.0,-0.0,-0.0,-0.0,-0.0,-0.0,-0.0,-0.0,-0.0,8.65999,7.94517,6.0307403,7.3798122,8.728885,10.077956,11.427029,12.7761,14.125173,15.474245,13.926642,14.271149,10.478622,11.46485,7.9166083,4.139939
1155,-44.09444743818056,-20.102011464452172,-34.0,-40.0,0.92435986,0.39511356,0.23405898,0.00023943702,32,-0.0,-0.0,-0.0,-0.0,-0.0,-0.0,-0.0,-0.0,-0.0,-0.0,-0.0,-0.0,-0.0,-0.0,-0.0,-0.0,-0.0,5.5155296,5.97047,7.9336085,6.290581,5.5023394,7.0794964,8.289952,3.81182,3.6487887,3.4857574,1.739831,0.38589433,-0.9680423,-0.9680423,-0.9680423,-0.9680423
1159,-44.093546456337904,-20.09400726795827,-28.0,0.0,0.9480586,0.3266401,0.24105251,0.00034425358,32,-0.0,-0.0,-0.0,-0.0,-0.0,-0.0,-0.0,-0.0,-0.0,-0.0,-0.0,-0.0,-0.0,-0.0,-0.0,-0.0,-0.0,-7.81206,-8.599821,-10.35971,-12.129731,-11.4847355,-12.0747795,-12.1449,-14.328613,-13.504647,-13.504647,-13.504647,-13.504647,-13.504647,-13.504647,-13.504647,-13.504647
1163,-44.09766523047576,-20.105029440179383,-28.0,-40.0,0.9311042,0.37839893,0.24166062,0.0001920892,32,-0.0,-0.0,-0.0,-0.0,-0.0,-0.0,-0.0,-0.0,-0.0,-0.0,-0.0,-0.0,-0.0,-0.0,-0.0,-0.0,9.800979e-16,6.099767,4.587112,3.4049203,3.49299,5.2720256,6.3101997,5.860759,3.324841,3.0368962,2.7489517,1.6572335,0.5655153,-0.52620286,-0.52620286,-0.52620286,-0.52620286
1174,-44.095219708331406,-20.102011464452172,-36.0,-40.0,0.9113488,0.42841828,0.24216647,0.00012990848,32,-0.0,-0.0,-0.0,-0.0,-0.0,-0.0,-0.0,-0.0,-0.0,-0.0,-0.0,-0.0,-0.0,-0.0,-0.0,-0.0,-0.0,1.1635026,1.633033,2.0775352,0.62583935,2.3100798,5.9754887,5.0403266,2.484761,1.0892562,-0.3062487,-2.047992,-2.2847946,-2.5215971,-2.5215971,-2.5215971,-2.5215971
1181,-44.09161578096079,-20.093219969942474,-28.0,-8.0,0.8859077,0.49635297,0.23633368,0.00021885987,32,-0.0,-0.0,-0.0,-0.0,-0.0,-0.0,-0.0,-0.0,-0.0,-0.0,-0.0,-0.0,-0.0,-0.0,-0.0,-0.0,-0.0,-10.909828,-12.944535,-14.356795,-14.578345,-14.727223,-15.358935,-14.890145,-14.342464,-13.794785,-13.794785,-13.794785,-13.794785,-13.794785,-13.794785,-13.794785,-13.794785
1189,-44.09715038370853,-20.098731056053037,-42.0,-16.0,0.8359385,0.6007249,0.24258535,0.00012660914,32,-0.0,-0.0,-0.0,-0.0,-0.0,-0.0,-0.0,-0.0,-0.0,-0.0,-0.0,-0.0,-0.0,-0.0,-0.0,-0.0,1.9601958e-15,11.114855,10.08131,7.713982,6.372493,8.165918,8.6252575,6.984556,4.8674703,6.433027,7.9985833,9.564139,11.129696,12.695252,14.260809,15.826365,17.391922
1191,-44.095219708331406,-20.095844296661788,-28.0,-12.0,0.8651284,0.5359111,0.24847127,0.00020080352,32,-0.0,-0.0,-0.0,-0.0,-0.0,-0.0,-0.0,-0.0,-0.0,-0.0,-0.0,-0.0,-0.0,-0.0,-0.0,-0.0,3.9203916e-15,-10.275884,-11.072441,-11.763441,-14.786095,-7.385624,-12.984843,-13.393918,-10.472618,-15.056541,-15.395687,-15.420272,-15.444856,-14.567903,-14.567903,-14.567903,-14.567903
1197,-44.16214978807148,-20.07616184626693,-60.0,40.0,0.9665673,0.26143262,0.24416661,0.00011817686,32,-0.0,-0.0,-0.0,-0.0,-0.0,-0.0,-0.0,-0.0,-0.0,-0.0,-0.0,-0.0,-0.0,-0.0,-0.0,-0.0,-1.9601958e-15,9.815182,8.971621,5.9802895,7.2182693,8.456249,9.694229,10.932209,12.170189,13.408169,14.646149,14.706328,14.6119995,12.328708,9.965181,7.9929767,4.8335443
1204,-44.093546456337904,-20.094400916966165,-26.0,0.0,0.93913746,0.35383812,0.24792047,0.0003644777,32,-0.0,-0.0,-0.0,-0.0,-0.0,-0.0,-0.0,-0.0,-0.0,-0.0,-0.0,-0.0,-0.0,-0.0,-0.0,-0.0,9.800979e-16,-8.753316,-9.4492035,-10.699319,-11.1799555,-11.4469385,-13.553013,-13.155814,-13.155814,-13.155814,-13.155814,-13.155814,-13.155814,-13.155814,-13.155814,-13.155814,-13.155814
1217,-44.16202107637967,-20.074718466571312,-58.0,40.0,0.9690986,0.2505538,0.24575986,9.5118936e-05,32,-0.0,-0.0,-0.0,-0.0,-0.0,-0.0,-0.0,-0.0,-0.0,-0.0,-0.0,-0.0,-0.0,-0.0,-0.0,-0.0,-0.0,9.436036,8.642127,7.0180492,8.067753,9.117457,10.167161,11.216865,12.266569,13.316273,14.365977,15.415681,13.661863,10.871538,12.187817,13.295552,6.175838
1231,-44.14992217734974,-20.08692158581612,-60.0,32.0,0.9371452,0.3654364,0.24572617,0.00011899009,32,-0.0,-0.0,-0.0,-0.0,-0.0,-0.0,-0.0,-0.0,-0.0,-0.0,-0.0,-0.0,-0.0,-0.0,-0.0,-0.0,-0.0,10.389515,8.5219755,7.262553,8.527636,9.792718,11.0578,12.322884,13.587966,14.853048,16.11813,16.024128,15.930126,13.944253,13.117095,11.822523,13.059167
1247,-44.094704861564175,-20.094663349638097,-30.0,-12.0,0.9238721,0.39515322,0.2348293,0.00022071703,32,-0.0,-0.0,-0.0,-0.0,-0.0,-0.0,-0.0,-0.0,-0.0,-0.0,-0.0,-0.0,-0.0,-0.0,-0.0,-0.0,9.800979e-16,-8.640755,-10.351457,-9.025902,-11.131176,-9.708743,-11.63506,-12.150171,-12.291012,-14.577198,-14.577198,-14.577198,-14.577198,-14.577198,-14.577198,-14.577198,-14.577198
1251,-44.09251676280344,-20.093219969942474,-48.0,-36.0,0.89386845,0.4703759,0.24224225,0.00015514281,32,-0.0,-0.0,-0.0,-0.0,-0.0,-0.0,-0.0,-0.0,-0.0,-0.0,-0.0,-0.0,-0.0,-0.0,-0.0,-0.0,1.9601958e-15,12.702031,10.2504835,7.7098746,7.635394,9.383625,11.927728,11.396581,6.654427,8.228205,9.801982,11.37576,12.949537,14.523315,16.097092,17.67087,19.244648
1256,-44.09483357325598,-20.093219969942474,-52.0,-40.0,0.86129993,0.54238904,0.24783906,0.0001059604,32,-0.0,-0.0,-0.0,-0.0,-0.0,-0.0,-0.0,-0.0,-0.0,-0.0,-0.0,-0.0,-0.0,-0.0,-0.0,-0.0,-0.0,12.9619,10.7151785,9.3521595,8.612448,10.871181,12.521529,10.646647,8.208189,9.824157,11.440125,13.056093,14.672062,16.288029,17.903997,16.918734,16.110207
1259,-44.16227849976329,-20.072881437867792,-60.0,40.0,0.9829678,0.18534474,0.24443871,0.00014352797,32,-0.0,-0.0,-0.0,-0.0,-0.0,-0.0,-0.0,-0.0,-0.0,-0.0,-0.0,-0.0,-0.0,-0.0,-0.0,-0.0,1.9601958e-15,9.982606,9.781726,6.8986096,8.173696,9.448781,10.723866,11.998952,13.274037,14.549124,15.824209,13.901346,14.353766,9.941151,11.837894,10.119618,5.1529045
1260,-44.15481322163844,-20.071044409164276,-60.0,32.0,0.9734008,0.23258153,0.23211527,0.00010914595,32,-0.0,-0.0,-0.0,-0.0,-0.0,-0.0,-0.0,-0.0,-0.0,-0.0,-0.0,-0.0,-0.0,-0.0,-0.0,-0.0,1.9601958e-15,9.1412945,6.8412323,4.99518,2.2186465,4.024979,5.8313117,7.6376443,9.443977,11.25031,13.056643,14.862975,15.741803,9.7558,13.313906,7.9748664,4.9823337
1289,-44.1541696631794,-20.07983590367397,-60.0,40.0,0.9900696,0.14119089,0.24933314,0.00012980548,32,-0.0,-0.0,-0.0,-0.0,-0.0,-0.0,-0.0,-0.0,-0.0,-0.0,-0.0,-0.0,-0.0,-0.0,-0.0,-0.0,9.800979e-16,8.686294,7.2643905,5.300552,6.672133,8.043715,9.415296,10.786878,12.158459,13.53004,14.901622,14.418734,13.890504,10.447612,11.941107,10.019556,5.726628
1290,-44.095219708331406,-20.095319431317925,-28.0,-4.0,0.9366193,0.3611681,0.23686811,0.0001664893,32,-0.0,-0.0,-0.0,-0.0,-0.0,-0.0,-0.0,-0.0,-0.0,-0.0,-0.0,-0.0,-0.0,-0.0,-0.0,-0.0,-1.9601958e-15,-10.695835,-13.114556,-10.617985,-15.430898,-10.737202,-12.948271,-13.952605,-15.614791,-15.757742,-15.757742,-15.757742,-15.757742,-15.757742,-15.757742,-15.757742,-15.757742
1291,-44.094704861564175,-20.09361361895037,-54.0,-40.0,0.8996914,0.4565308,0.2475767,0.00012423437,32,-0.0,-0.0,-0.0,-0.0,-0.0,-0.0,-0.0,-0.0,-0.0,-0.0,-0.0,-0.0,-0.0,-0.0,-0.0,-0.0,-0.0,10.234704,7.331005,7.5080304,7.1168337,6.5023212,9.081015,7.7847676,8.528301,9.271836,10.01537,10.758904,11.502439,12.245973,12.989507,13.733041,10.954787
1292,-44.09303160957067,-20.09335118627844,-52.0,-36.0,0.9403788,0.35013777,0.23605238,0.00015071555,32,-0.0,-0.0,-0.0,-0.0,-0.0,-0.0,-0.0,-0.0,-0.0,-0.0,-0.0,-0.0,-0.0,-0.0,-0.0,-0.0,-0.0,12.91926,9.411491,9.511181,9.732297,9.142216,8.950471,8.608896,9.934015,11.259133,12.584252,13.90937,15.234489,16.559608,17.884727,15.776855,14.779754
1305,-44.09715038370853,-20.098862272389,-42.0,-8.0,0.83434314,0.59625983,0.23497155,0.00011737869,32,-0.0,-0.0,-0.0,-0.0,-0.0,-0.0,-0.0,-0.0,-0.0,-0.0,-0.0,-0.0,-0.0,-0.0,-0.0,-0.0,-0.0,10.696716,8.459906,4.190415,5.3194313,6.448447,6.3873987,5.7438183,4.3573875,5.6583004,6.9592137,8.260127,9.56104,10.861953,12.162867,13.463779,14.764692
1313,-44.1558429151729,-20.07340630321165,-60.0,40.0,0.9211648,0.4038228,0.23622842,0.00013031399,32,-0.0,-0.0,-0.0,-0.0,-0.0,-0.0,-0.0,-0.0,-0.0,-0.0,-0.0,-0.0,-0.0,-0.0,-0.0,-0.0,-0.0,9.013214,7.940443,5.8358717,7.0727544,8.309637,9.54652,10.783402,12.020286,13.257169,14.494051,14.964094,13.998485,5.9271,10.901649,10.611462,4.190693
1329,-44.1509518708842,-20.07445603389938,-62.0,40.0,0.91050994,0.4318001,0.2425376,0.00029912443,32,-0.0,-0.0,-0.0,-0.0,-0.0,-0.0,-0.0,-0.0,-0.0,-0.0,-0.0,-0.0,-0.0,-0.0,-0.0,-0.0,-1.9601958e-15,10.323798,8.743798,7.418598,9.873111,12.327622,14.782134,17.236647,16.743559,16.250473,15.757386,15.949528,16.722075,8.831235,16.18606,10.63753,10.63753
